﻿"objectid","adr_inter","adresse","adrzus_int","behindertenparkplatz","bemerkung","ccmail","da","datum","datum_cms","dep","editor","erforderlichedokumente","fax","hausnummer","hindernisfreiheit","infrastruktur","isbetriebsferien_gebaeude","isbetriebsferien_schalter","kategorie","mail","name","namenzus","oeffnungszeiten_gebaeude_di","oeffnungszeiten_gebaeude_do","oeffnungszeiten_gebaeude_fr","oeffnungszeiten_gebaeude_mi","oeffnungszeiten_gebaeude_mo","oeffnungszeiten_gebaeude_sa","oeffnungszeiten_gebaeude_so","oeffnungszeiten_schalter_di","oeffnungszeiten_schalter_do","oeffnungszeiten_schalter_fr","oeffnungszeiten_schalter_mi","oeffnungszeiten_schalter_mo","oeffnungszeiten_schalter_sa","oeffnungszeiten_schalter_so","ort","plz","poi_id","postadresse","publish_internet","strasse","suchen","tel","tel2","www","zahlungsmittel_internet","zahlungsmittel_schalter","zahlungsmittel_telefon","zvv_label","zvv_link","oeffnungsz","gebuehren","standort","kreis","typ","kommentar","geometry"
"1","","Mythenquai 309","","","Rollstuhlgängiges-WC Fr. 1.--, Eurokey oder Kreditkartenzahlung möglich, Multifunktions-WC kostenlos benutzbar","","Umwelt- und Gesundheitsschutz","202412161145","","Gesundheits- und Umweltdepartement (GUD)","ugzfir","","","309","0__",";Rollstuhlgängiges-WC Fr. 1.--, Eurokey oder Kreditkartenzahlung möglich, Multifunktions-WC kostenlos benutzbar","1","0","WC (rollstuhlgängig)","ugz-zueriwc@zuerich.ch","Landiwiese (rollstuhlgängig)","","n.a.","n.a.","n.a.","n.a.","n.a.","n.a.","n.a.","n.a.","n.a.","n.a.","n.a.","n.a.","n.a.","n.a.","Zürich","8002","wcr13861","","1","Mythenquai","Toilette, Toiletten","+41 44 412 43 65","","https://www.stadt-zuerich.ch/zueriwc","NULL;NULL;","NULL;NULL;","NULL;NULL;","Mythenquai 309","https://www.zvv.ch/de/fahrplan-und-informationen/fahrplan.html?toname=Zürich, Mythenquai 309","24 h","Rollstuhlgängiges-WC Fr. 1.--, Eurokey oder Kreditkartenzahlung möglich, Multifunktions-WC kostenlos benutzbar","Mythenquai 309 / unter der Fussgängerbrücke","2","","3 Multifunktions- und 1 Rollstuhlgängiges-WC mit Eurokey, Wickeltisch.","POINT (2682806 1244952)"
"2","","Bändlistrasse 90","","","","","Umwelt- und Gesundheitsschutz","202412161145","","Gesundheits- und Umweltdepartement (GUD)","ugzfir","","","90","0__",";Geöffnet 24h. Gebührenfrei","1","0","WC (rollstuhlgängig)","ugz-zuerichwc@zuerich.ch","Werdhölzli (rollstuhlgängig mit Eurokey)","","n.a.","n.a.","n.a.","n.a.","n.a.","n.a.","n.a.","n.a.","n.a.","n.a.","n.a.","n.a.","n.a.","n.a.","Zürich","8064","wcr13941","","1","Bändlistrasse","Toilette, Toiletten","+41 44 412 43 65","","https://www.stadt-zuerich.ch/zueriwc","NULL;NULL;","NULL;NULL;","NULL;NULL;","Bändlistrasse 90","https://www.zvv.ch/de/fahrplan-und-informationen/fahrplan.html?toname=Zürich, Bändlistrasse 90","Rollstuhlgängiges- und familiengerechtes-WC: von 06:00-22:00 - mit Eurokey 24 h offen. Multifunktions-WC: 24 h offen.","Rollstuhlgängiges- und familiengerechtes-WC: CHF 1.-- / 1 Euro (Kreditkartenzahlung möglich) oder Eurokey. Multifunktions-WC: kostenlos.","Bändlistrasse 90, 8064 Zürich","9","","1 Rollstuhlgängiges- und familiengerechtes-WC Modul mit Wickeltisch und 1 Multifunktions-WC.","POINT (2678771 1250201)"
"3","","Püntstrasse 11","","","Mit dem umgebauten ZüriWC verfügt das Zentrum von Albisrieden über eine zeitgemässe, rollstuhlgängige WC-Anlage.","","Umwelt- und Gesundheitsschutz","202412161145","","Gesundheits- und Umweltdepartement (GUD)","ugzfir","","","11","1__",";Geöffnet 24h. Behinderten-WC Mit Eurokey 24h oder Fr. 1.--","1","0","WC (rollstuhlgängig)","ugz-zueriwc@zuerich.ch","Albisrieden Pünt (rollstuhlgängig mit EuroKey)","","n.a.","n.a.","n.a.","n.a.","n.a.","n.a.","n.a.","n.a.","n.a.","n.a.","n.a.","n.a.","n.a.","n.a.","Zürich","8047","wcr5199","","1","Püntstrasse","Toilette, Toiletten","+41 44 412 43 65","","https://www.stadt-zuerich.ch/zueriwc","NULL;NULL;","NULL;NULL;","NULL;NULL;","Püntstrasse 11","https://www.zvv.ch/de/fahrplan-und-informationen/fahrplan.html?toname=Zürich, Püntstrasse 11","Rollstuhlgängiges- und familiengerechtes-WC: von 06:00-22:00 - mit Eurokey 24 h offen. Multifunktions-WC: 24 h offen.","Rollstuhlgängiges- und familiengerechtes-WC: CHF 1.-- / 1 Euro oder Eurokey. Multifunktions-WC: kostenlos. ","Püntstrasse 11, Endstation Tram 3 Albisrieden","9","nicht rollstuhlgängig","1 Rollstuhlgängiges- und familiengerechtes-WC Modul mit Wickeltisch und 1 Multifunktions-WC. Mit dem umgebauten ZüriWC verfügt das Zentrum von Albisrieden über eine zeitgemässe, rollstuhlgängige WC-Anlage.","POINT (2679001 1247590)"
"4","","Neumünsterstrasse 16","","","","","Umwelt- und Gesundheitsschutz","202412161145","","Gesundheits- und Umweltdepartement (GUD)","ugzget","","","16","0__",";Geöffnet 24h. Behinderten-WC ohne Eurokey von 06.00-22.00 Uhr._Behinderten-WC (Fr. 1.-- oder Eurokey), Multifunktions-WC (gratis)_Wickeltisch_","1","0","WC (rollstuhlgängig)","ugz-zueriwc@zuerich.ch","Neumünster (rollstuhlgängig mit Eurokey)","","n.a.","n.a.","n.a.","n.a.","n.a.","n.a.","n.a.","n.a.","n.a.","n.a.","n.a.","n.a.","n.a.","n.a.","Zürich","8008","wcr4103","","1","Neumünsterstrasse","Toilette, Toiletten","+41 44 412 43 65","","https://www.stadt-zuerich.ch/zueriwc","NULL;NULL;","NULL;NULL;","NULL;NULL;","Neumünsterstrasse 16","https://www.zvv.ch/de/fahrplan-und-informationen/fahrplan.html?toname=Zürich, Neumünsterstrasse 16","Geöffnet 24h. Behinderten-WC ohne Eurokey von 06.00-22.00 Uhr.","Behinderten-WC (Fr. 1.-- oder Eurokey), Multifunktions-WC (gratis)","Im Neumünsterpark unterhalb der Kirche","8","","Multifunktions- und Behinderten WC, Wickeltisch. Das Behinderten-WC kann nur ohne Rampe betreten werden.","POINT (2684619 1246160)"
"5","","Limmatstrasse 313","","","","","Umwelt- und Gesundheitsschutz","202412161145","","Gesundheits- und Umweltdepartement (GUD)","ugzget","","","313","0__",";Behinderten-WC (Fr. 1.-- oder Eurokey), Multifunktions-WC (gratis)_","1","0","WC (rollstuhlgängig)","ugz-zueriwc@zuerich.ch","Escher-Wyss-Platz (rollstuhlgängig mit Eurokey)","","n.a.","n.a.","n.a.","n.a.","n.a.","n.a.","n.a.","n.a.","n.a.","n.a.","n.a.","n.a.","n.a.","n.a.","Zürich","8005","wcr2888","","1","Limmatstrasse","Toilette, Toiletten","+41 44 412 43 65","","https://www.stadt-zuerich.ch/zueriwc","NULL;NULL;","NULL;NULL;","NULL;NULL;","Limmatstrasse 313","https://www.zvv.ch/de/fahrplan-und-informationen/fahrplan.html?toname=Zürich, Limmatstrasse 313","24 h, Behinderten WC mit Eurokey 24h, mit Gebühr 06.00-22.00 Uhr","Gebührenfrei. Behinderten-WC mit Eurokey oder Fr. 1.--.","Escher-Wyss-Platz bei der Tramhaltestelle stadteinwärts","5","","Multifunktions- und Behinderten WC.","POINT (2681911 1249351)"
"6","","Josefstrasse 197","","","Brand am 20.06.2025 vom Kiosk.","","Umwelt- und Gesundheitsschutz","202506201152","","Gesundheits- und Umweltdepartement (GUD)","ugzfir","","","197","0__https://zuerst.proinfirmis.ch/pois/detail/26220",";NULL","1","0","WC (rollstuhlgängig)","ugz-zueriwc@zuerich.ch","Josefswiese (rollstuhlgängig mit Eurokey)","","n.a.","n.a.","n.a.","n.a.","n.a.","n.a.","n.a.","n.a.","n.a.","n.a.","n.a.","n.a.","n.a.","n.a.","Zürich","8005","wcr049","","0","Josefstrasse","Toilette, Toiletten","+41 44 412 43 65","","https://www.stadt-zuerich.ch/zueriwc","NULL;NULL;","NULL;NULL;","NULL;NULL;","Josefstrasse 197","https://www.zvv.ch/de/fahrplan-und-informationen/fahrplan.html?tolat=2681885&tolon=1248936&toname=Zürich, Josefstrasse 197","24h. Reduzierter Winterbetrieb.","Behinderten-WC Fr. 1.-- oder Eurokey, Multifunktions-WC gratis","Josefstrasse 197 / beim Bahnviadukt","5","","Betreut vom Kiosk. 2 Multifunktions- und ein Behinderten WC, Wickeltisch. Zugang zum Behinderten WC durch Kiesvorplatz erschwert.","POINT (2681885 1248936)"
"7","","Wehntalerstrasse 539a","","","","","Umwelt- und Gesundheitsschutz","202412161145","","Gesundheits- und Umweltdepartement (GUD)","ugzget","","","539a","0__",";Geöffnet 24h._Behinderten-WC (Fr. 1.-- oder Eurokey), Multifunktions-WC (gratis)_","1","0","WC (rollstuhlgängig)","ugz-zueriwc@zuerich.ch","Zehntenhausplatz (rollstuhlgängig mit EuroKey)","","n.a.","n.a.","n.a.","n.a.","n.a.","n.a.","n.a.","n.a.","n.a.","n.a.","n.a.","n.a.","n.a.","n.a.","Zürich","8046","wcr091","","1","Wehntalerstrasse","Toilette, Toiletten","+41 44 412 43 65","","https://www.stadt-zuerich.ch/zueriwc","NULL;NULL;","NULL;NULL;","NULL;NULL;","Wehntalerstrasse 539a","https://www.zvv.ch/de/fahrplan-und-informationen/fahrplan.html?toname=Zürich, Wehntalerstrasse 539a","24 h","Behinderten-WC Fr. 1.-- oder Eurokey, Multifunktions-WC gratis","Wehntalerstrasse 539a / Bushaltestelle","11","","Multifunktions- und Behinderten WC. ","POINT (2680605 1252549)"
"48","","Albisstrasse 45","","","","","Umwelt- und Gesundheitsschutz","202412161145","","Gesundheits- und Umweltdepartement (GUD)","ugzget","","","45","0__",";Geöffnet 24h, Gebühr Fr. 1.-- oder Eurokey","1","0","WC (rollstuhlgängig)","ugz-zueriwc@zuerich.ch","Morgental (rollstuhlgängig mit Eurokey)","","n.a.","n.a.","n.a.","n.a.","n.a.","n.a.","n.a.","n.a.","n.a.","n.a.","n.a.","n.a.","n.a.","n.a.","Zürich","8002","wcr008","","1","Albisstrasse","Toilette, Toiletten","+41 44 412 43 65","","https://www.stadt-zuerich.ch/zueriwc","NULL;NULL;","NULL;NULL;","NULL;NULL;","Albisstrasse 45","https://www.zvv.ch/de/fahrplan-und-informationen/fahrplan.html?toname=Zürich, Albisstrasse 45","24 h","Fr. 1.-- oder Eurokey","Albisstrasse bei 49 / vor der Kirche","2","","Selbstreinigender WC Automat für Damen und Herren. Rollstuhlgängig mit automatischer Türe, Wickeltisch.","POINT (2682511 1244192)"
"8","","Hirzenbachweg 30","","","Geöffnet 24h<BR>Gebührenfrei, Behinderten-WC nur mit Eurokey","","Umwelt- und Gesundheitsschutz","202412161145","","Gesundheits- und Umweltdepartement (GUD)","ugzget","","","30","0__",";Geöffnet 24h_Gebührenfrei, Behinderten-WC nur mit Eurokey","1","0","WC (rollstuhlgängig)","ugz-zueriwc@zuerich.ch","Hirzenbach (rollstuhlgängig mit EuroKey)","","n.a.","n.a.","n.a.","n.a.","n.a.","n.a.","n.a.","n.a.","n.a.","n.a.","n.a.","n.a.","n.a.","n.a.","Zürich","8051","wcr092","","1","Hirzenbachweg","Toilette, Toiletten","+41 44 412 43 65","","https://www.stadt-zuerich.ch/zueriwc","NULL;NULL;","NULL;NULL;","NULL;NULL;","Hirzenbachweg 30","https://www.zvv.ch/de/fahrplan-und-informationen/fahrplan.html?toname=Zürich, Hirzenbachweg 30","24 h","Gebührenfrei, Behinderten-WC nur mit Eurokey","Tramendstation 9","12","","Multifunktions- und Behinderten WC. In der Nähe befinden sich das GZ und die neue Sportanlage Heerenschürli. Das Behinderten-WC ist nur mit Eurokey zugänglich.","POINT (2686973 1250893)"
"9","","Usteristrasse 6","","","","","Umwelt- und Gesundheitsschutz","202412161145","","Gesundheits- und Umweltdepartement (GUD)","ugzget","","","6","0__",";Geöffnet 24h, Gebühr Fr. 1.-- oder Eurokey","1","0","WC (rollstuhlgängig)","ugz-zueriwc@zuerich.ch","Pestalozzianlage (rollstuhlgängig mit EuroKey)","","n.a.","n.a.","n.a.","n.a.","n.a.","n.a.","n.a.","n.a.","n.a.","n.a.","n.a.","n.a.","n.a.","n.a.","Zürich","8001","wcr097","","1","Usteristrasse","Toilette, Toiletten","+41 44 412 43 65","","https://www.stadt-zuerich.ch/zueriwc","NULL;NULL;","NULL;NULL;","NULL;NULL;","Usteristrasse 6","https://www.zvv.ch/de/fahrplan-und-informationen/fahrplan.html?toname=Zürich, Usteristrasse 6","24 h","Fr. 1.-- oder Eurokey","Usteristrasse 6 / Zwischen Globus, McDonalds und Lottokiosk","1","","WC-Automat für Damen- und Herren. Rollstuhlgängig mit automatischer Türe, Wickeltisch. ","POINT (2683035 1247767)"
"10","","Hardstrasse 17","","","","","Umwelt- und Gesundheitsschutz","202412161145","","Gesundheits- und Umweltdepartement (GUD)","ugzget","","","17","0__",";Geöffnet 24h. Behinderten-WC ohne Eurokey von 06.00-22.00 Uhr._Behinderten-WC (Fr. 1.-- oder Eurokey), Multifunktions-WC (gratis)_","1","0","WC (rollstuhlgängig)","ugz-zueriwc@zuerich.ch","Hardaupark (rollstuhlgängig mit EuroKey)","","n.a.","n.a.","n.a.","n.a.","n.a.","n.a.","n.a.","n.a.","n.a.","n.a.","n.a.","n.a.","n.a.","n.a.","Zürich","8004","wcr005","","1","Hardstrasse","Toilette, Toiletten","+41 44 412 43 65","","https://www.stadt-zuerich.ch/zueriwc","NULL;NULL;","NULL;NULL;","NULL;NULL;","Hardstrasse 17","https://www.zvv.ch/de/fahrplan-und-informationen/fahrplan.html?toname=Zürich, Hardstrasse 17","24 h, Behinderten-WC 06-22 Uhr, mit EuroKey 24h","Behinderten-WC Fr. 1.-- oder Eurokey, Multifunktions-WC gratis","Im neuen Hardaupark hinter dem Albisriederplatz","4","","Multifunktions- und Behinderten WC, Wickeltisch.","POINT (2680904 1248204)"
"11","","Hohlstrasse 91","","","","","Umwelt- und Gesundheitsschutz","202412161145","","Gesundheits- und Umweltdepartement (GUD)","ugzget","","","91","0__",";Geöffnet 24h._Behinderten-WC nur mit Eurokey._","1","0","WC (rollstuhlgängig)","ugz-zueriwc@zuerich.ch","Bäckeranlage (rollstuhlgängig mit EuroKey)","","n.a.","n.a.","n.a.","n.a.","n.a.","n.a.","n.a.","n.a.","n.a.","n.a.","n.a.","n.a.","n.a.","n.a.","Zürich","8004","wcr036","","1","Hohlstrasse","Toilette, Toiletten","+41 44 412 43 65","","https://www.stadt-zuerich.ch/zueriwc","NULL;NULL;","NULL;NULL;","NULL;NULL;","Hohlstrasse 91","https://www.zvv.ch/de/fahrplan-und-informationen/fahrplan.html?toname=Zürich, Hohlstrasse 91","24h","Behinderten-WC (nur Eurokey), Multifunktions-WC (gratis)","Hohlstrasse 91 / Ecke Feldstrasse","4","","2 Multifunktions- und ein Behinderten-WC. Das Behinderten-WC ist wegen häufiger Sachbeschädigungen nur noch mit Eurokey zugänglich.","POINT (2681905 1248079)"
"12","","Hardplatz 1 (eing.)","","","Multifunktions- und Behinderten-WC","","Umwelt- und Gesundheitsschutz","202412161145","","Gesundheits- und Umweltdepartement (GUD)","ugzget","","","1","0__",";NULL","1","0","WC (rollstuhlgängig)","ugz-zueriwc@zuerich.ch","Hardplatz (rollstuhlgängig mit Eurokey)","","n.a.","n.a.","n.a.","n.a.","n.a.","n.a.","n.a.","n.a.","n.a.","n.a.","n.a.","n.a.","n.a.","n.a.","Zürich","8004","wcr5698","","1","Hardplatz","Toilette, Toiletten","+41 44 412 43 65","","https://www.stadt-zuerich.ch/zueriwc","NULL;NULL;","NULL;NULL;","NULL;NULL;","Hardplatz 1 (eing.)","https://www.zvv.ch/de/fahrplan-und-informationen/fahrplan.html?toname=Zürich, Hardplatz 1","24h","Gebührenfrei, Behinderten WC mit Eurokey oder Fr. 1.--","Hardplatz","4","","Multifunktions- und Behinderten-WC","POINT (2681269 1248544)"
"13","","Seefeldquai 4","","","2 Multifunktions- und ein Behinderten-WC, Wickeltisch. Zufahrt mit Rollstuhl durch Kiesfläche erschwert.","","Umwelt- und Gesundheitsschutz","202412161145","","Gesundheits- und Umweltdepartement (GUD)","ugzfir","","","4","0__",";Geöffnet 24h._Behinderten-WC (Fr. 1.-- oder Eurokey), Multifunktions-WC (gratis)_Erschwerte Zufahr mit Rollstuhl (Kiesfläche)_","1","0","WC (rollstuhlgängig)","ugz-zueriwc@zuerich.ch","Bad Utoquai (rollstuhlgängig mit EuroKey)","","n.a.","n.a.","n.a.","n.a.","n.a.","n.a.","n.a.","n.a.","n.a.","n.a.","n.a.","n.a.","n.a.","n.a.","Zürich","8008","wcr104","","1","Seefeldquai","Toilette, Toiletten","+41 44 412 43 65","","https://www.stadt-zuerich.ch/zueriwc","NULL;NULL;","NULL;NULL;","NULL;NULL;","Seefeldquai 4","https://www.zvv.ch/de/fahrplan-und-informationen/fahrplan.html?toname=Zürich, Seefeldquai 4","Rollstuhlgängiges- und familiengerechtes-WC: von 06:00-22:00 - mit Eurokey 24 h offen. Multifunktions-WC: 24 h offen.","Rollstuhlgängiges- und familiengerechtes-WC: CHF 1.-- / 1 Euro (Kreditkartenzahlung möglich) oder Eurokey. Multifunktions-WC: kostenlos. ","Seefeldquai 4 / Bei der Badi Utoquai an der Seepromenade","8","","1 Rollstuhlgängiges- und familiengerechtes-WC Modul mit Wickeltisch und 2 Multifunktions-WC. Zufahrt mit Rollstuhl durch Kiesfläche erschwert.","POINT (2683771 1246207)"
"14","","Forchstrasse 263","","","Geöffnet 24h. Behinderten-WC ohne Eurokey von 06.00-22.00 Uhr.<BR>Behinderten-WC (Fr. 1.-- oder Eurokey), Multifunktions-WC (gratis)<BR><BR>","","Umwelt- und Gesundheitsschutz","202412161145","","Gesundheits- und Umweltdepartement (GUD)","ugzget","","","263","0__",";Geöffnet 24h. Behinderten-WC ohne Eurokey von 06.00 bis 22.00 Uhr. Behinderten-WC (1 Franken oder Eurokey), Multifunktions-WC (gratis).","1","0","WC (rollstuhlgängig)","ugz-zueriwc@zuerich.ch","Burgwies (rollstuhlgängig mit Eurokey)","","n.a.","n.a.","n.a.","n.a.","n.a.","n.a.","n.a.","n.a.","n.a.","n.a.","n.a.","n.a.","n.a.","n.a.","Zürich","8032","wcr3628","","1","Forchstrasse","Toilette, Toiletten, ZüriWC","+41 44 412 43 65","","https://www.stadt-zuerich.ch/zueriwc","NULL;NULL;","NULL;NULL;","NULL;NULL;","Forchstrasse 263","https://www.zvv.ch/de/fahrplan-und-informationen/fahrplan.html?toname=Zürich, Forchstrasse 263","Multifunktions-WC 24 h, Behinderten-WC mit Eurokey 24h, mit Gebühr Fr. 1.-- 06.00-22.00 Uhr","Behinderten-WC Fr. 1.-- oder Eurokey, Multifunktions-WC gratis","Auf dem neu gestalteten Platz bei den Unterflur-Containern.","7","","Multifunktions- und Behinderten WC, Wickeltisch.","POINT (2685609 1245888)"
"15","","Birchstrasse 183e","","","","","Umwelt- und Gesundheitsschutz","202412161145","","Gesundheits- und Umweltdepartement (GUD)","ugzget","","","183e","0__",";Geöffnet 24h. Behinderten-WC ohne Eurokey von 06.00-22.00 Uhr._Behinderten-WC (Fr. 1.-- oder Eurokey), Multifunktions-WC (gratis)_","1","0","WC (rollstuhlgängig)","ugz-zueriwc@zuerich.ch","Oerlikerpark (rollstuhlgängig mit EuroKey)","","n.a.","n.a.","n.a.","n.a.","n.a.","n.a.","n.a.","n.a.","n.a.","n.a.","n.a.","n.a.","n.a.","n.a.","Zürich","8050","wcr010","","1","Birchstrasse","Toilette, Toiletten","+41 44 412 43 65","","https://www.stadt-zuerich.ch/zueriwc","NULL;NULL;","NULL;NULL;","NULL;NULL;","Birchstrasse 183e","https://www.zvv.ch/de/fahrplan-und-informationen/fahrplan.html?toname=Zürich, Birchstrasse 183e","Geöffnet 24h. Behinderten WC ohne Eurokey von 06.00-22.00 Uhr.","Behinderten-WC Fr. 1.-- oder Eurokey, Multifunktions-WC gratis","Im Oerlikerpark, Birchstrasse 183e","11","","Multifunktions- und Behinderten WC, Wickeltisch.","POINT (2682945 1252129)"
"16","","Witikonerstrasse 299a","","","","","Umwelt- und Gesundheitsschutz","202412161145","","Gesundheits- und Umweltdepartement (GUD)","ugzget","","","299a","0__",";Geöffnet 24h. Behinderten-WC ohne Eurokey von 06.00-22.00 Uhr._Behinderten-WC (Fr. 1.-- oder Eurokey), Multifunktions-WC (gratis)_","1","0","WC (rollstuhlgängig)","ugz-zueriwc@zuerich.ch","Witikon Zentrum (rollstuhlgängig mit EuroKey)","","n.a.","n.a.","n.a.","n.a.","n.a.","n.a.","n.a.","n.a.","n.a.","n.a.","n.a.","n.a.","n.a.","n.a.","Zürich","8053","wcr2252","","1","Witikonerstrasse","Toilette, Toiletten","+41 44 412 43 65","","https://www.stadt-zuerich.ch/zueriwc","NULL;NULL;","NULL;NULL;","NULL;NULL;","Witikonerstrasse 299a","https://www.zvv.ch/de/fahrplan-und-informationen/fahrplan.html?toname=Zürich, Witikonerstrasse 299a","MF-WC 24 h, Behinderten-WC mit Eurokey 24h, mit Gebühr Fr. 1.-- 06.00-22.00 Uhr","Behinderten-WC Fr. 1.-- oder Eurokey, Damen- und Herren-WC gratis","Witikonerstrasse beim Einkaufszentrum Witikon","7","","Multifunktions- und Behinderten-WC, Wickeltisch. ","POINT (2686719 1245918)"
"17","","Nordstrasse 45 (freig.)","","","","","Umwelt- und Gesundheitsschutz","202412161145","","Gesundheits- und Umweltdepartement (GUD)","ugzfir","","","45","1__","Behinderten-WC;NULL","1","0","WC (rollstuhlgängig)","ugz-zueriwc@zuerich.ch","Schindlerpark (rollstuhlgängig mit EuroKey)","","n.a.","n.a.","n.a.","n.a.","n.a.","n.a.","n.a.","n.a.","n.a.","n.a.","n.a.","n.a.","n.a.","n.a.","Zürich","8006","wcr12221","","1","Nordstrasse","WC, Toilette","+41 44 412 43 65","","https://www.stadt-zuerich.ch/zueriwc","NULL;NULL;","NULL;NULL;","NULL;NULL;","Nordstrasse 45 (freig.)","https://www.zvv.ch/de/fahrplan-und-informationen/fahrplan.html?toname=Zürich, Nordstrasse 45","Rollstuhlgängiges- und familiengerechtes-WC: von 06:00-22:00 - mit Eurokey 24 h offen. Multifunktions-WC: 24 h offen.","Rollstuhlgängiges- und familiengerechtes-WC: CHF 1.-- / 1 Euro (Kreditkartenzahlung möglich) oder Eurokey. Multifunktions-WC: kostenlos.","Schindlerpark","6","","1 Rollstuhlgängiges- und familiengerechtes-WC Modul mit Wickeltisch und 1 Multifunktions-WC.","POINT (2682978 1248954)"
"18","","Frankentalerstrasse 10","","","","","Umwelt- und Gesundheitsschutz","202412161145","","Gesundheits- und Umweltdepartement (GUD)","ugzget","","","10","0__",";Geöffnet 24h. Gebührenfrei.","1","0","WC (rollstuhlgängig)","ugz-zueriwc@zuerich.ch","Frankental (rollstuhlgängig ohne EuroKey)","","n.a.","n.a.","n.a.","n.a.","n.a.","n.a.","n.a.","n.a.","n.a.","n.a.","n.a.","n.a.","n.a.","n.a.","Zürich","8049","wcr079","","1","Frankentalerstrasse","Toilette, Toiletten","+41 44 412 43 65","","https://www.stadt-zuerich.ch/zueriwc","NULL;NULL;","NULL;NULL;","NULL;NULL;","Frankentalerstrasse 10","https://www.zvv.ch/de/fahrplan-und-informationen/fahrplan.html?toname=Zürich, Frankentalerstrasse 10","24 h","Gebührenfrei","Frankentalerstrasse 10 / Endstation VBZ Linie 13","10","","Damen- und Herren WC, eine rollstuhlgängige Kabine, Pissoir.","POINT (2678693 1251044)"
"19","","Limmattalstrasse 178","","","","","Umwelt- und Gesundheitsschutz","202412161145","","Gesundheits- und Umweltdepartement (GUD)","ugzget","","","178","0__",";Geöffnet 24h. Gebührenfrei","1","0","WC (rollstuhlgängig)","ugz-zueriwc@zuerich.ch","Meierhofplatz (rollstuhlgängig mit EuroKey)","","n.a.","n.a.","n.a.","n.a.","n.a.","n.a.","n.a.","n.a.","n.a.","n.a.","n.a.","n.a.","n.a.","n.a.","Zürich","8049","wcr080","","1","Limmattalstrasse","Toilette, Toiletten","+41 44 412 43 65","","https://www.stadt-zuerich.ch/zueriwc","NULL;NULL;","NULL;NULL;","NULL;NULL;","Limmattalstrasse 178","https://www.zvv.ch/de/fahrplan-und-informationen/fahrplan.html?toname=Zürich, Limmattalstrasse 178","24 Stunden geöffnet. Behinderten WC von 6.00-22.00 Uhr.","Geöffnet 24h. Behinderten-WC ohne Eurokey von 06.00-22.00 Uhr.","Limmattalstr. 178 / Gsteigstrasse.","10","","Das WC wurde umgebaut und präsentiert sich nun in bestem Zustand und behindertengerecht.","POINT (2680081 1250680)"
"20","","Limmatquai 61","","","","","Umwelt- und Gesundheitsschutz","202412161145","","Gesundheits- und Umweltdepartement (GUD)","ugzget","","","61","0__",";Geöffnet 24h. Behinderten-WC ohne Eurokey von 06.00-22.00 Uhr._Behinderten-WC (Fr. 1.-- oder Eurokey), Multifunktions-WC (gratis)_","1","0","WC (rollstuhlgängig)","ugz-zueriwc@zuerich.ch","Rathauswache (rollstuhlgängig mit EuroKey)","","n.a.","n.a.","n.a.","n.a.","n.a.","n.a.","n.a.","n.a.","n.a.","n.a.","n.a.","n.a.","n.a.","n.a.","Zürich","8001","wcr012","","1","Limmatquai","Toilette, Toiletten","+41 44 412 43 65","","https://www.stadt-zuerich.ch/zueriwc","NULL;NULL;","NULL;NULL;","NULL;NULL;","Limmatquai 61","https://www.zvv.ch/de/fahrplan-und-informationen/fahrplan.html?toname=Zürich, Limmatquai 61","24 h","Gebührenfrei. Behinderten WC Fr. 1.-- oder Eurokey.","Limmatquai 61","1","","2 Multifunktions-WCs und 1 behindertengerechte Kabine. Hohe Frequenzen an zentraler Lage.","POINT (2683386 1247370)"
"21","","Stadthausquai 18","","","","","Umwelt- und Gesundheitsschutz","202412161145","","Gesundheits- und Umweltdepartement (GUD)","ugzget","","","18","1_Behinderten-WC mit Eurokey oder Fr. 1.--_","Behinderten-WC;NULL","1","0","WC (rollstuhlgängig)","ugz-zueriwc@zuerich.ch","Münsterhof - Stadthausquai (rollstuhlgängig mit Eurokey)","","n.a.","n.a.","n.a.","n.a.","n.a.","n.a.","n.a.","n.a.","n.a.","n.a.","n.a.","n.a.","n.a.","n.a.","Zürich","8001","wcr5226","","1","Stadthausquai","Toilette, Toiletten","+41 44 412 43 65","","https://www.stadt-zuerich.ch/zueriwc","NULL;NULL;postcard_MasterCard_Visa","NULL;NULL;","NULL;NULL;","Stadthausquai 18","https://www.zvv.ch/de/fahrplan-und-informationen/fahrplan.html?toname=Zürich, Stadthausquai 18","24h","Fr. 1.-- oder Eurokey","Stadthausquai 18/ Am Limmatufer","1","","Selbstreinigender WC Automat für Damen und Herren. Rollstuhlgängig mit automatischer Türe, Wickeltisch.","POINT (2683333 1247048)"
"22","","Badenerstrasse 230","","","","","Umwelt- und Gesundheitsschutz","202412161145","","Gesundheits- und Umweltdepartement (GUD)","ugzget","","","230","0__",";Geöffnet 24h._Behinderten-WC (Fr. 1.-- oder Eurokey), Multifunktions-WC (gratis)_","1","0","WC (rollstuhlgängig)","ugz-zueriwc@zuerich.ch","Lochergut (rollstuhlgängig mit EuroKey)","","n.a.","n.a.","n.a.","n.a.","n.a.","n.a.","n.a.","n.a.","n.a.","n.a.","n.a.","n.a.","n.a.","n.a.","Zürich","8004","wcr040","","1","Badenerstrasse","Toilette, Toiletten","+41 44 412 43 65","","https://www.stadt-zuerich.ch/zueriwc","NULL;NULL;","NULL;NULL;","NULL;NULL;","Badenerstrasse 230","https://www.zvv.ch/de/fahrplan-und-informationen/fahrplan.html?toname=Zürich, Badenerstrasse 230","24h","Behinderten-WC Fr. 1.-- oder Eurokey, Multifunktions-WC gratis","Badenerstrasse 230","4","","Multifunktions- und Behinderten WC, Wickeltisch.","POINT (2681483 1247759)"
"23","","Schaffhauserstrasse 150","","","","","Umwelt- und Gesundheitsschutz","202412161145","","Gesundheits- und Umweltdepartement (GUD)","ugzget","","","150","0__",";Geöffnet 24h, Gebühr Fr. 1.-- oder Eurokey","1","0","WC (rollstuhlgängig)","ugz-zueriwc@zuerich.ch","Milchbuck (rollstuhlgängig mit EuroKey)","","n.a.","n.a.","n.a.","n.a.","n.a.","n.a.","n.a.","n.a.","n.a.","n.a.","n.a.","n.a.","n.a.","n.a.","Zürich","8057","wcr053","","1","Schaffhauserstrasse","Toilette, Toiletten","+41 44 412 43 65","","https://www.stadt-zuerich.ch/zueriwc","NULL;NULL;","NULL;NULL;","NULL;NULL;","Schaffhauserstrasse 150","https://www.zvv.ch/de/fahrplan-und-informationen/fahrplan.html?toname=Zürich, Schaffhauserstrasse 150","24 h","Fr. 1.-- oder Eurokey","Schaffhauserstrasse 148 / Tramhaltestelle","6","","Selbstreinigender WC Automat für Damen und Herren. Rollstuhlgängig mit automatischer Türe, Wickeltisch.","POINT (2683303 1250272)"
"24","","Schaffhauserplatz 5","","","","","Umwelt- und Gesundheitsschutz","202412161145","","Gesundheits- und Umweltdepartement (GUD)","ugzget","","","5","0__",";Geöffnet 24h, Gebühr Fr. 1.-- oder Eurokey","1","0","WC (rollstuhlgängig)","ugz-zueriwc@zuerich.ch","Schaffhauserplatz (rollstuhlgängig mit EuroKey)","","n.a.","n.a.","n.a.","n.a.","n.a.","n.a.","n.a.","n.a.","n.a.","n.a.","n.a.","n.a.","n.a.","n.a.","Zürich","8006","wcr054","","1","Schaffhauserplatz","Toilette, Toiletten","+41 44 412 43 65","","https://www.stadt-zuerich.ch/zueriwc","NULL;NULL;","NULL;NULL;","NULL;NULL;","Schaffhauserplatz 5","https://www.zvv.ch/de/fahrplan-und-informationen/fahrplan.html?toname=Zürich, Schaffhauserplatz 5","24h","Fr. 1.-- oder Eurokey","Schaffhauserplatz 5 / Bei der Einmündung Seminarstrasse","6","","Selbstreinigender WC Automat für Damen- und Herren. Rollstuhlgängig mit automatischer Türe, Wickeltisch.","POINT (2683035 1249576)"
"25","","Bellevueplatz 2","","","","","Umwelt- und Gesundheitsschutz","202412161145","","Gesundheits- und Umweltdepartement (GUD)","ugzfir","","","2","1_Behinderten WC mit Eurokey oder Gebühr Fr. 1.--._","Behinderten-WC;Anlage mit Personal._Geöffnet 06.30-20.45 Winter / 06.30-21.45 Sommer_Behinderten-WC 24 h zugänglich._Gebühr. Fr. 1.-- oder Eurokey.","1","0","WC (rollstuhlgängig)","ugz-zueriwc@zuerich.ch","Bellevue (rollstuhlgängig mit EuroKey)","","n.a.","n.a.","n.a.","n.a.","n.a.","n.a.","n.a.","n.a.","n.a.","n.a.","n.a.","n.a.","n.a.","n.a.","Zürich","8001","wcr003","","1","Bellevueplatz","Toilette, Toiletten","+41 44 412 43 65","","https://www.stadt-zuerich.ch/zueriwc","NULL;NULL;","NULL;NULL;","NULL;NULL;","Bellevueplatz 2","https://www.zvv.ch/de/fahrplan-und-informationen/fahrplan.html?toname=Zürich, Bellevueplatz 2","6.30 bis 21.45 Uhr. November bis März bis 20.45 Uhr. Bei Veranstaltungen auch länger. Behinderten-WC (aussen) 24 h","Gebühr Fr. 1.-- oder Eurokey","Bellevueplatz 2 / Im Tramwartehäuschen seeseitig","1","","Bediente Anlage, Behinderten-WC, Wickeltisch im Behinderten-WC. Unser Personal ist während der Öffnungszeiten vor Ort und sorgt für Sauberkeit und Sicherheit.","POINT (2683577 1246810)"
"26","","Gfellstrasse 20","","","","","Umwelt- und Gesundheitsschutz","202412161145","","Gesundheits- und Umweltdepartement (GUD)","ugzget","","","20","0__",";Geöffnet 365 Tage nur während Öffnungszeiten Kiosk._Gebührenfrei._Behinderten-Kabine im Damen-WC._Schlüssel beim Kiosk verlangen.","1","0","WC (rollstuhlgängig)","ugz-zueriwc@zuerich.ch","Allmend Wollishofen  (rollstuhlgängig ohne Eurokey)","","n.a.","n.a.","n.a.","n.a.","n.a.","n.a.","n.a.","n.a.","n.a.","n.a.","n.a.","n.a.","n.a.","n.a.","Zürich","8002","wcr014","","1","Gfellstrasse","Toilette, Toiletten","+41 44 412 43 65","","https://www.stadt-zuerich.ch/zueriwc","NULL;NULL;","NULL;NULL;","NULL;NULL;","Gfellstrasse 20","https://www.zvv.ch/de/fahrplan-und-informationen/fahrplan.html?toname=Zürich, Gfellstrasse 20","Ganzjährig, während den Öffnungszeiten des Kiosks.","Gebührenfrei","Gfellstrasse 20","2","","Damen- und Herren-WC, Pissoir. Eine rollstuhlgängige Kabine bei den Frauen. Wickeltisch. Das WC ist während der Öffnungszeiten des Kiosks geöffnet. ","POINT (2681561 1244953)"
"27","","Bachstrasse 10","","","2 Multifunktions- und ein Behinderten-WC. Bei schönem Wetter stark frequentiert.","","Umwelt- und Gesundheitsschutz","202412161145","","Gesundheits- und Umweltdepartement (GUD)","ugzfir","","","10","0__",";Geöffnet 24h._Behinderten-WC (Fr. 1.-- oder Eurokey), Multifunktions-WC (gratis)_","1","0","WC (rollstuhlgängig)","ugz-zueriwc@zuerich.ch","Bachstrasse (rollstuhlgängig mit EuroKey)","","n.a.","n.a.","n.a.","n.a.","n.a.","n.a.","n.a.","n.a.","n.a.","n.a.","n.a.","n.a.","n.a.","n.a.","Zürich","8002","wcr015","","1","Bachstrasse","Toilette, Toiletten","+41 44 412 43 65","","https://www.stadt-zuerich.ch/zueriwc","NULL;NULL;","NULL;NULL;","NULL;NULL;","Bachstrasse 10","https://www.zvv.ch/de/fahrplan-und-informationen/fahrplan.html?toname=Zürich, Bachstrasse 10","Rollstuhlgängiges- und familiengerechtes-WC: von 06:00-22:00 - mit Eurokey 24 h offen. Multifunktions-WC: 24 h offen.","Rollstuhlgängiges- und familiengerechtes-WC: CHF 1.-- / 1 Euro (Kreditkartenzahlung möglich) oder Eurokey. Multifunktions-WC: kostenlos. ","Bachstrasse 10 / vis à vis vom GZ Wollishofen","2","","1 Rollstuhlgängiges- und familiengerechtes-WC Modul mit Wickeltisch und 2 Multifunktions-WC.. Bei schönem Wetter stark frequentiert.","POINT (2682877 1244422)"
"28","","Bederstrasse 110","","","","","Umwelt- und Gesundheitsschutz","202412161145","","Gesundheits- und Umweltdepartement (GUD)","ugzget","","","110","0__",";Geöffnet 24h. Behinderten-WC ohne Eurokey von 06.00-22.00 Uhr._Behinderten-WC (Fr. 1.-- oder Eurokey), Multifunktions-WC (gratis)_","1","0","WC (rollstuhlgängig)","ugz-zueriwc@zuerich.ch","Klopstockwiese (rollstuhlgängig mit EuroKey)","","n.a.","n.a.","n.a.","n.a.","n.a.","n.a.","n.a.","n.a.","n.a.","n.a.","n.a.","n.a.","n.a.","n.a.","Zürich","8002","wcr019","","1","Bederstrasse","Toilette, Toiletten","+41 44 412 43 65","","https://www.stadt-zuerich.ch/zueriwc","NULL;NULL;","NULL;NULL;","NULL;NULL;","Bederstrasse 110","https://www.zvv.ch/de/fahrplan-und-informationen/fahrplan.html?toname=Zürich, Bederstrasse 110","24h. Behinderten-WC ohne Eurokey von 06.00-22.00 Uhr.","Behinderten-WC Fr. 1.-- oder Eurokey, Multifunktions-WC gratis","Bederstrasse 110 / Klopstockwiese","2","","Multifunktions- und Behinderten WC, Wickeltisch.","POINT (2682079 1246176)"
"29","","Witikonerstrasse 2","","","","","Umwelt- und Gesundheitsschutz","202412161145","","Gesundheits- und Umweltdepartement (GUD)","ugzget","","","2","0__",";Geöffnet 24h._Behinderten-WC (Fr. 1.-- oder Eurokey), Multifunktions-WC (gratis)_","1","0","WC (rollstuhlgängig)","ugz-zueriwc@zuerich.ch","Klusplatz (rollstuhlgängig mit EuroKey)","","n.a.","n.a.","n.a.","n.a.","n.a.","n.a.","n.a.","n.a.","n.a.","n.a.","n.a.","n.a.","n.a.","n.a.","Zürich","8032","wcr058","","1","Witikonerstrasse","Toilette, Toiletten","+41 44 412 43 65","","https://www.stadt-zuerich.ch/zueriwc","NULL;NULL;","NULL;NULL;","NULL;NULL;","Witikonerstrasse 2","https://www.zvv.ch/de/fahrplan-und-informationen/fahrplan.html?toname=Zürich, Witikonerstrasse 2","24h","Behinderten-WC Fr. 1.-- oder Eurokey, Multifunktions-WC gratis","Witikonerstrasse 2 / Auf der Traminsel","7","","Multifunktions- und Behinderten WC, Wickeltisch. Direkt an der Haltestelle.","POINT (2685191 1246517)"
"30","","Gloriastrasse 15a","","","","","Umwelt- und Gesundheitsschutz","202505302213","","Gesundheits- und Umweltdepartement (GUD)","ugzfir","","","15a","0__",";Geöffnet 24h._Behinderten-WC (Fr. 1.-- oder Eurokey), Multifunktions-WC (gratis)_","1","0","WC (rollstuhlgängig)","ugz-zueriwc@zuerich.ch","Platte (rollstuhlgängig mit EuroKey)","","n.a.","n.a.","n.a.","n.a.","n.a.","n.a.","n.a.","n.a.","n.a.","n.a.","n.a.","n.a.","n.a.","n.a.","Zürich","8006","wcr060","","0","Gloriastrasse","Toilette, Toiletten","+41 44 412 43 65","","https://www.stadt-zuerich.ch/zueriwc","NULL;NULL;","NULL;NULL;","NULL;NULL;","Gloriastrasse 15a","https://www.zvv.ch/de/fahrplan-und-informationen/fahrplan.html?tolat=2684063&tolon=1247711&toname=Zürich, Gloriastrasse 15a","24 h","Behinderten-WC Fr. 1.-- oder Eurokey, Multifunktions-WC gratis","Gloriastrasse 15a","7","","Multifunktions- und Behinderten-WC, Wickeltisch. ","POINT (2684063 1247711)"
"31","","Rütistrasse 1","","","","","Umwelt- und Gesundheitsschutz","202412161145","","Gesundheits- und Umweltdepartement (GUD)","ugzget","","","1","0__",";Geöffnet 24h, Gebühr Fr. 1.-- oder Eurokey","1","0","WC (rollstuhlgängig)","ugz-zueriwc@zuerich.ch","Römerhof (rollstuhlgängig mit EuroKey)","","n.a.","n.a.","n.a.","n.a.","n.a.","n.a.","n.a.","n.a.","n.a.","n.a.","n.a.","n.a.","n.a.","n.a.","Zürich","8032","wcr061","","1","Rütistrasse","Toilette, Toiletten","+41 44 412 43 65","","https://www.stadt-zuerich.ch/zueriwc","NULL;NULL;","NULL;NULL;","NULL;NULL;","Rütistrasse 1","https://www.zvv.ch/de/fahrplan-und-informationen/fahrplan.html?toname=Zürich, Rütistrasse 1","24 h","Fr. 1.-- oder Eurokey","Rütistrasse 1 / Ilgenstrasse","7","","Selbstreinigender WC Automat für Damen- und Herren. Rollstuhlgängig mit automatischer Tür, Wickeltisch.","POINT (2684726 1247006)"
"32","","Albisstrasse 105","","","","","Umwelt- und Gesundheitsschutz","202412161145","","Gesundheits- und Umweltdepartement (GUD)","ugzfir","","","105","0__",";Geöffnet 24h._Behinderten- (Fr. 1.-- oder Eurokey) und Multifunktions-WC (gratis)","1","0","WC (rollstuhlgängig)","ugz-zueriwc@zuerich.ch","Albisstrasse (rollstuhlgängig mit EuroKey)","","n.a.","n.a.","n.a.","n.a.","n.a.","n.a.","n.a.","n.a.","n.a.","n.a.","n.a.","n.a.","n.a.","n.a.","Zürich","8002","wcr023","","1","Albisstrasse","Toilette, Toiletten","+41 44 412 43 65","","https://www.stadt-zuerich.ch/zueriwc","NULL;NULL;","NULL;NULL;","NULL;NULL;","Albisstrasse 105","https://www.zvv.ch/de/fahrplan-und-informationen/fahrplan.html?toname=Zürich, Albisstrasse 105","Rollstuhlgängiges- und familiengerechtes-WC: von 06:00-22:00 - mit Eurokey 24 h offen. Multifunktions-WC: 24 h offen.","Rollstuhlgängiges- und familiengerechtes-WC: CHF 1.-- / 1 Euro (Kreditkartenzahlung möglich) oder Eurokey. Multifunktions-WC: kostenlos. ","Albisstrasse 105 / Endstation Wollishofen der VBZ Linie 7","2","","1 Rollstuhlgängiges- und familiengerechtes-WC Modul mit Wickeltisch und 1 Multifunktions-WC.","POINT (2682499 1243616)"
"33","","Uetlibergstrasse 343","","0","Das Rollstuhlgängige-WC ist schwellenfrei zugänglich.","","Umwelt- und Gesundheitsschutz","202412161145","","Gesundheits- und Umweltdepartement (GUD)","ugzfir","","","343","0__",";Geöffnet 24h. Behinderten-WC ohne Eurokey von 06.00-22.00 Uhr._Behinderten-WC (Fr. 1.-- oder Eurokey), Multifunktions-WC (gratis)_","1","0","WC (rollstuhlgängig)","ugz-zueriwc@zuerich.ch","Albisgütli (rollstuhlgängig mit EuroKey)","","n.a.","n.a.","n.a.","n.a.","n.a.","n.a.","n.a.","n.a.","n.a.","n.a.","n.a.","n.a.","n.a.","n.a.","Zürich","8045","wcr025","","1","Uetlibergstrasse","Toilette, Toiletten","+41 44 412 43 65","","https://www.stadt-zuerich.ch/zueriwc","NULL;NULL;","NULL;NULL;","NULL;NULL;","Uetlibergstrasse 343","https://www.zvv.ch/de/fahrplan-und-informationen/fahrplan.html?toname=Zürich, Uetlibergstrasse 343","Rollstuhlgängiges- und familiengerechtes-WC: von 06:00-22:00 - mit Eurokey 24 h offen. Multifunktions-WC: 24 h offen.","Rollstuhlgängiges- und familiengerechtes-WC: CHF 1.-- / 1 Euro (Kreditkartenzahlung möglich) oder Eurokey. Multifunktions-WC: kostenlos. ","Uetlibergstrasse 343 / Endstation VBZ-Züri Linie 13.","3","","1 Rollstuhlgängiges- und familiengerechtes-WC Modul mit Wickeltisch und 1 Multifunktions-WC. Das Rollstuhlgängige WC ist schwellenfrei zugänglich.","POINT (2680731 1245145)"
"34","","Nansenstrasse 17","","","","","Umwelt- und Gesundheitsschutz","202412161145","","Gesundheits- und Umweltdepartement (GUD)","ugzget","","","17","0__",";Geöffnet 24h._Behinderten-WC (Fr. 1.-- oder Eurokey), Multifunktions-WC (gratis)_","1","0","WC (rollstuhlgängig)","ugz-zueriwc@zuerich.ch","Oerlikon Marktplatz (rollstuhlgängig mit EuroKey)","","n.a.","n.a.","n.a.","n.a.","n.a.","n.a.","n.a.","n.a.","n.a.","n.a.","n.a.","n.a.","n.a.","n.a.","Zürich","8050","wcr089","","1","Nansenstrasse","Toilette, Toiletten","+41 44 412 43 65","","https://www.stadt-zuerich.ch/zueriwc","NULL;NULL;","NULL;NULL;","NULL;NULL;","Nansenstrasse 17","https://www.zvv.ch/de/fahrplan-und-informationen/fahrplan.html?toname=Zürich, Nansenstrasse 17","24 h","Fr. 1.-- oder Eurokey","Nansenstrasse 17 / Auf dem Marktplatz","11","","3 Multifunktions-WC, Behinderten-WC, Wickeltisch. Direkt am Marktplatz gelegen, stark frequentiert.","POINT (2683440 1251671)"
"35","","Schaffhauserstrasse 503","","","","","Umwelt- und Gesundheitsschutz","202412161145","","Gesundheits- und Umweltdepartement (GUD)","ugzget","","","503","0__",";Geöffnet 24h, Gebühr Fr. 1.-- oder Eurokey","1","0","WC (rollstuhlgängig)","ugz-zueriwc@zuerich.ch","Seebach (rollstuhlgängig mit EuroKey)","","n.a.","n.a.","n.a.","n.a.","n.a.","n.a.","n.a.","n.a.","n.a.","n.a.","n.a.","n.a.","n.a.","n.a.","Zürich","8052","wcr090","","1","Schaffhauserstrasse","Toilette, Toiletten","+41 44 412 43 65","","https://www.stadt-zuerich.ch/zueriwc","NULL;NULL;","NULL;NULL;","NULL;NULL;","Schaffhauserstrasse 503","https://www.zvv.ch/de/fahrplan-und-informationen/fahrplan.html?toname=Zürich, Schaffhauserstrasse 503","24h","Fr. 1.-- oder Eurokey","Schaffhauserstrasse 503 Endstation VBZ Linie 14.","11","","Selbstreinigender WC Automat für Damen- und Herren. Rollstuhlgängig mit automatischer Türe, Wickeltisch.","POINT (2683837 1252919)"
"36","","Lindenhofstrasse 2","","","","","Umwelt- und Gesundheitsschutz","202412161145","","Gesundheits- und Umweltdepartement (GUD)","ugzget","","","2","0__",";Geöffnet 24h. Behinderten-WC ohne Eurokey von 06.00-22.00 Uhr._Behinderten-WC (Fr. 1.-- oder Eurokey), Multifunktions-WC (gratis)_Das WC liegt an einer steilen Gasse._","1","0","WC (rollstuhlgängig)","ugz-zueriwc@zuerich.ch","Urania (rollstuhlgängig mit Eurokey)","","n.a.","n.a.","n.a.","n.a.","n.a.","n.a.","n.a.","n.a.","n.a.","n.a.","n.a.","n.a.","n.a.","n.a.","Zürich","8001","wcr013","","1","Lindenhofstrasse","Toilette, Toiletten","+41 44 412 43 65","","https://www.stadt-zuerich.ch/zueriwc","NULL;NULL;","NULL;NULL;","NULL;NULL;","Lindenhofstrasse 2","https://www.zvv.ch/de/fahrplan-und-informationen/fahrplan.html?toname=Zürich, Lindenhofstrasse 2","24 h","Behinderten-WC Fr. 1.-- oder Eurokey, Multifunktions-WC gratis","Lindenhofstrasse 2","1","","2 Multifunktions- und ein Behinderten WC, Wickeltisch. An steile Gasse gelegen.","POINT (2683243 1247542)"
"37","","Dübendorfstrasse 475","","","Wickeltisch wurde wegen Vandalismus und möglicher Gefahr für das Kind entfernt.","","Umwelt- und Gesundheitsschutz","202412161145","","Gesundheits- und Umweltdepartement (GUD)","UGZFIR","","","475","0__",";Geöffnet 24h. Behinderten-WC ohne Eurokey von 06.00-22.00 Uhr._Behinderten-WC (Fr. 1.-- oder Eurokey), Multifunktions-WC (gratis)_","1","0","WC (rollstuhlgängig)","ugz-zueriwc@zuerich.ch","Stettbach (rollstuhlgängig mit EuroKey)","","n.a.","n.a.","n.a.","n.a.","n.a.","n.a.","n.a.","n.a.","n.a.","n.a.","n.a.","n.a.","n.a.","n.a.","Zürich","8051","wcr094","","1","Dübendorfstrasse","Toilette, Toiletten","+41 44 412 43 65","","https://www.stadt-zuerich.ch/zueriwc","NULL;NULL;","NULL;NULL;","NULL;NULL;","Dübendorfstrasse 475","https://www.zvv.ch/de/fahrplan-und-informationen/fahrplan.html?toname=Zürich, Dübendorfstrasse 475","Rollstuhlgängiges-WC Modul: von 06:00 - 22:00, mit Eurokey 24 h offen. Multifunktions-WC: 24 h offen.","Rollstuhlgängiges-WC: CHF 1.-- / 1 Euro (Kreditkartenzahlung möglich) oder kostenlos mit Eurokey. Multifunktions-WC: kostenlos.","Dübendorfstr. 475 / Endstation Tram 7 und 12","12","","1 Rollstuhlgängiges-WC Modul und 2 Multifunktions-WC.","POINT (2687393 1250245)"
"38","","Waidbadstrasse 153","","","Geöffnet 24h. Behinderten-WC ohne Eurokey von 06.00-22.00 Uhr.<BR>Behinderten-WC (Fr. 1.-- oder Eurokey)<BR>Zugänglichkeit Rollstuhl durch Naturoberfläche (Kies, Rasen) eingeschränkt.","","Umwelt- und Gesundheitsschutz","202412161145","","Gesundheits- und Umweltdepartement (GUD)","ugzget","","","153","0__",";Geöffnet 24h. Behinderten-WC ohne Eurokey von 06.00-22.00 Uhr._Behinderten-WC (Fr. 1.-- oder Eurokey), Multifunktions-WC (gratis)_MF-WC nur März-Nov.","1","0","WC (rollstuhlgängig)","ugz-zueriwc@zuerich.ch","Waidberg - Waldwiese (rollstuhlgängig mit EuroKey)","","n.a.","n.a.","n.a.","n.a.","n.a.","n.a.","n.a.","n.a.","n.a.","n.a.","n.a.","n.a.","n.a.","n.a.","Zürich","8037","wcr083","","1","Waidbadstrasse","Toilette, Toiletten","+41 44 412 43 65","","https://www.stadt-zuerich.ch/zueriwc","NULL;NULL;","NULL;NULL;","NULL;NULL;","Waidbadstrasse 153","https://www.zvv.ch/de/fahrplan-und-informationen/fahrplan.html?toname=Zürich, Waidbadstrasse 153","Behinderten-WC ganzjährig 24 Stunden geöffnet (mit Gebühr oder Eurokey). Multifunktions-WC 24 Stunden, von März bis November.","Behinderten-WC (Fr. 1.-- oder Eurokey), Multifunktions-WC (gratis). Im Winter ist nur das Behinderten WC mit Gebühr oder Eurokey zugänglich.","Waidbadstrasse 153, Spiel- und Grillplatz","10","","Zugänglichkeit mit Rollstuhl durch Kies und Rasen erschwert.","POINT (2681298 1250809)"
"39","","Hofwiesenstrasse 377","","","","","Umwelt- und Gesundheitsschutz","202412161145","","Gesundheits- und Umweltdepartement (GUD)","ugzget","","","377","0__",";Geöffnet 24h._Gebühr Fr. 1.--. Behinderten-WC nur mit Eurokey","1","0","WC (rollstuhlgängig)","ugz-zueriwc@zuerich.ch","Bahnhof Oerlikon (rollstuhlgängig mit EuroKey)","","n.a.","n.a.","n.a.","n.a.","n.a.","n.a.","n.a.","n.a.","n.a.","n.a.","n.a.","n.a.","n.a.","n.a.","Zürich","8050","wcr086","","1","Hofwiesenstrasse","Toilette, Toiletten","+41 44 412 43 65","","https://www.stadt-zuerich.ch/zueriwc","NULL;NULL;","NULL;NULL;","NULL;NULL;","Hofwiesenstrasse 377","https://www.zvv.ch/de/fahrplan-und-informationen/fahrplan.html?toname=Zürich, Hofwiesenstrasse 377","24 h","Gebühr Fr. 1.--. Behinderten-WC nur mit Eurokey","Hofwiesenstrasse 377","11","","Kombiniertes Damen- und Herren WC im Bahnhof Oerlikon. Stark frequentiert. Behinderten-WC nur mit Eurokey. Ein weiteres WC befindet sich in der neuen Unterführung auf der anderen Seite des Bahnhofs.","POINT (2683475 1251791)"
"40","","Klausstrasse 2","","","","","Umwelt- und Gesundheitsschutz","202412161145","","Gesundheits- und Umweltdepartement (GUD)","ugzget","","","2","0__",";Geöffnet während der Öffnungszeiten des Restaurants._Gebührenfrei._Behinderten-WC (Fr. 1.-- oder Eurokey) 24 h.","1","0","WC (rollstuhlgängig)","ugz-zueriwc@zuerich.ch","Hafen Riesbach (rollstuhlgängig mit EuroKey)","","n.a.","n.a.","n.a.","n.a.","n.a.","n.a.","n.a.","n.a.","n.a.","n.a.","n.a.","n.a.","n.a.","n.a.","Zürich","8008","wcr065","","1","Klausstrasse","Toilette, Toiletten","+41 44 412 43 65","","https://www.stadt-zuerich.ch/zueriwc","NULL;NULL;","NULL;NULL;","NULL;NULL;","Klausstrasse 2","https://www.zvv.ch/de/fahrplan-und-informationen/fahrplan.html?toname=Zürich, Klausstrasse 2","Während der Öffnungszeiten des Restaurants. Behinderten-WC 24h","Behinderten-WC Fr. 1.-- oder Eurokey, Damen- und Herren-WC gratis","Klausstrasse 2 / an der Uferpromenade","8","","Damen- und Herren WC, Pissoir, Behinderten-WC, Wickeltisch. Das 2017 umgebaute WC ist bei schönem Wetter sehr stark frequentiert. Es ist auch das Gäste-WC des Restaurant Kiosk.","POINT (2683799 1245856)"
"41","","Zurlindenstrasse 22","","0","","","Umwelt- und Gesundheitsschutz","202412161145","","Gesundheits- und Umweltdepartement (GUD)","ugzfir","","","22","0__",";Geöffnet 24h. Gebührenfrei","1","0","WC (rollstuhlgängig)","ugz-zueriwc@zuerich.ch","Aegerten (rollstuhlgängig mit Eurokey)","","n.a.","n.a.","n.a.","n.a.","n.a.","n.a.","n.a.","n.a.","n.a.","n.a.","n.a.","n.a.","n.a.","n.a.","Zürich","8003","wcr13884","","1","Zurlindenstrasse","Toilette, Toiletten, Wickeltisch","+41 44 412 43 65","","https://www.stadt-zuerich.ch/zueriwc","NULL;NULL;","NULL;NULL;","NULL;NULL;","Zurlindenstrasse 22","https://www.zvv.ch/de/fahrplan-und-informationen/fahrplan.html?toname=Zürich, Zurlindenstrasse 22","Rollstuhlgängiges- und familiengerechtes-WC: von 06:00-22:00 - mit Eurokey 24 h offen. Multifunktions-WC: 24 h offen.","Rollstuhlgängiges- und familiengerechtes-WC: CHF 1.-- / 1 Euro  (Kreditkartenzahlung möglich) oder Eurokey. Multifunktions-WC: kostenlos.","Zurlindenstr 22, Spielplatz beim Schulhaus","3","","1 Rollstuhlgängiges- und familiengerechtes-WC Modul mit Wickeltisch und  1 Multifunktions-WC","POINT (2681851 1246964)"
"42","","Mythenquai 309","","","","","Umwelt- und Gesundheitsschutz","202412161145","","Gesundheits- und Umweltdepartement (GUD)","ugzfir","","","309","0__",";Rollstuhlgängiges-WC Fr. 1.--, Eurokey oder Kreditkartenzahlung möglich, Multifunktions-WC kostenlos benutzbar","1","0","WC (rollstuhlgängig)","ugz-zueriwc@zuerich.ch","Landiwiese (rollstuhlgängig mit Eurokey)","","n.a.","n.a.","n.a.","n.a.","n.a.","n.a.","n.a.","n.a.","n.a.","n.a.","n.a.","n.a.","n.a.","n.a.","Zürich","8002","wcr13885","","1","Mythenquai","Toilette, Toiletten, Wickeltisch","+41 44 412 43 65","","https://www.stadt-zuerich.ch/zueriwc","NULL;NULL;","NULL;NULL;","NULL;NULL;","Mythenquai 309","https://www.zvv.ch/de/fahrplan-und-informationen/fahrplan.html?toname=Zürich, Mythenquai 309","Rollstuhlgängiges- und familiengerechtes-WC: von 06:00-22:00 - mit Eurokey 24 h offen. Multifunktions-WC: 24 h offen.","Rollstuhlgängiges- und familiengerechtes-WC: CHF 1.-- / 1 Euro (Kreditkartenzahlung möglich) oder Eurokey. Multifunktions-WC: kostenlos.","Mythenquai 309 / neben der roten Fussgängerbrücke.","2","","1 Rollstuhlgängiges- und familiengerechtes-WC Modul mit Wickeltisch und 2 Multifunktions-WC.","POINT (2682806 1244952)"
"43","","Regensdorferstrasse 187","","","","","Umwelt- und Gesundheitsschutz","202412161145","","Gesundheits- und Umweltdepartement (GUD)","ugzget","","","187","1__",";Geöffnet 24h. Gebührenfrei","1","0","WC (rollstuhlgängig)","ugz-zueriwc@zuerich.ch","Rütihof (rollstuhlgängig mit EuroKey)","","n.a.","n.a.","n.a.","n.a.","n.a.","n.a.","n.a.","n.a.","n.a.","n.a.","n.a.","n.a.","n.a.","n.a.","Zürich","8049","wcr7399","","1","Regensdorferstrasse","Toilette, Toiletten","+41 44 412 43 65","","https://www.stadt-zuerich.ch/zueriwc","NULL;NULL;","NULL;NULL;","NULL;NULL;","Regensdorferstrasse 187","https://www.zvv.ch/de/fahrplan-und-informationen/fahrplan.html?toname=Zürich, Regensdorferstrasse 187","06:00-22:00 Uhr, Eurokey 24h","06:00-22:00 Gratis. Nachts 1.- oder Eurokey","Rütihof, Endhaltestelle Heizenholz","10","","Behindertengerechte Toilette","POINT (2678870 1251777)"
"44","","Molkenstrasse 5","","","","","Umwelt- und Gesundheitsschutz","202412161145","","Gesundheits- und Umweltdepartement (GUD)","ugzget","","","5","1__https://zuerst.proinfirmis.ch/pois/detail/26873",";NULL","0","0","WC (rollstuhlgängig)","ugz-zueriwc@zuerich.ch","Helvetiaplatz (rollstuhlgängig mit eurokey)","Behinderten-WC","n.a.","n.a.","n.a.","n.a.","n.a.","closed","closed","n.a.","n.a.","n.a.","n.a.","n.a.","n.a.","n.a.","Zürich","8004","wcr7319","","1","Molkenstrasse","WC, Toiletten","+41 44 412 43 65","","https://www.stadt-zuerich.ch/zueriwc","NULL;NULL;","NULL;NULL;","NULL;NULL;","Molkenstrasse 5","https://www.zvv.ch/de/fahrplan-und-informationen/fahrplan.html?tolat=47.3762251862112&tolon=8.52747787030744&toname=Zürich, Molkenstrasse 5","05:00 -20:00 mit Eurokey 24h","Fr. 1.-, Eurokey Gratis","Helvetiaplatz Amtshaus","4","","BF, Behinderten-WC","POINT (2682231 1247836)"
"45","","Bellerivestrasse 162 (erst.)","","","","","Umwelt- und Gesundheitsschutz","202412161145","","Gesundheits- und Umweltdepartement (GUD)","ugzget","","","162","1_ZüriWC. Mit Eurokey oder Fr. 1 zugänglich_","Restaurant_Besuchenden-WC_Behinderten-WC;Die Gartenbeiz der neuen Fischerstube mit ZüriWC","1","0","WC (rollstuhlgängig)","ugz-zueriwc@zuerich.ch","Blatterwiese Fischerstube (rollstuhlgängig mit Eurokey","","n.a.","n.a.","n.a.","n.a.","n.a.","n.a.","n.a.","n.a.","n.a.","n.a.","n.a.","n.a.","n.a.","n.a.","Zürich","8008","wcr9922","","1","Bellerivestrasse","Toilette, Toiletten","+41 44 412 43 65","","https://www.stadt-zuerich.ch/zueriwc","NULL;NULL;","NULL;NULL;","NULL;NULL;","Bellerivestrasse 162 (erst.)","https://www.zvv.ch/de/fahrplan-und-informationen/fahrplan.html?toname=Zürich, Bellerivestrasse 162","24h","Gebührenfrei, Behinderten-WC Fr. 1 oder Eurokey","Blatterwiese Fischerstube","8","","2 Multifunktions- 1 Behinderten-WC","POINT (2684053 1245281)"
"46","","Uetlibergstrasse 70","","","Bei Eurokey-Betätigung erleichtert ein Elektroantrieb den Zugang.","","Umwelt- und Gesundheitsschutz","202412161145","","Gesundheits- und Umweltdepartement (GUD)","ugzfir","","","70","1_Behinderten-WC mit Eurokey oder Gebühr Fr. 1.--_","Behinderten-WC;Geöffnet 24h. Behinderten-WC ohne Eurokey von 06.00-22.00 Uhr._Behinderten-WC (Fr. 1.-- oder Eurokey), Multifunktions-WC (gratis)_","1","0","WC (rollstuhlgängig)","ugz-zueriwc@zuerich.ch","Binz (rollstuhlgängig mit Eurokey)","","n.a.","n.a.","n.a.","n.a.","n.a.","n.a.","n.a.","n.a.","n.a.","n.a.","n.a.","n.a.","n.a.","n.a.","Zürich","8045","wcr4102","","1","Uetlibergstrasse","Toilette, Toiletten","+41 44 412 43 65","","https://www.stadt-zuerich.ch/zueriwc","NULL;NULL;","NULL;NULL;","NULL;NULL;","Uetlibergstrasse 70","https://www.zvv.ch/de/fahrplan-und-informationen/fahrplan.html?toname=Zürich, Uetlibergstrasse 70","Rollstuhlgängiges- und familiengerechtes-WC: von 06:00-22:00 - mit Eurokey 24 h offen. Multifunktions-WC: 24 h offen.","Rollstuhlgängiges- und familiengerechtes-WC: CHF 1.-- / 1 Euro (Kreditkartenzahlung möglich) oder Eurokey. Multifunktions-WC: kostenlos. ","Uetlibergstrasse 70, Uetlibergbahn-Haltestelle Binz","3","","1 Rollstuhlgängiges- und familiengerechtes-WC Modul mit Wickeltisch und 1 Multifunktions-WC. Bei Eurokey-Betätigung erleichtert ein Elektroantrieb den Zugang.","POINT (2681587 1246317)"
"47","","Manessestrasse 51","","","","","Umwelt- und Gesundheitsschutz","202412161145","","Gesundheits- und Umweltdepartement (GUD)","ugzget","","","51","0__",";Geöffnet 24h. Behinderten-WC ohne Eurokey von 06.00-22.00 Uhr._Behinderten-WC (Fr. 1.-- oder Eurokey), Multifunktions-WC (gratis)_","1","0","WC (rollstuhlgängig)","ugz-zueriwc@zuerich.ch","Sihlhölzli (rollstuhlgängig mit Eurokey)","","n.a.","n.a.","n.a.","n.a.","n.a.","n.a.","n.a.","n.a.","n.a.","n.a.","n.a.","n.a.","n.a.","n.a.","Zürich","8003","wcr032","","1","Manessestrasse","Toilette, Toiletten","+41 44 412 43 65","","https://www.stadt-zuerich.ch/zueriwc","NULL;NULL;","NULL;NULL;","NULL;NULL;","Manessestrasse 51","https://www.zvv.ch/de/fahrplan-und-informationen/fahrplan.html?toname=Zürich, Manessestrasse 51","24h","Behinderten-WC Fr. 1.-- oder Eurokey, Multifunktions-WC gratis","Manessestrasse 51 / Beim Durchgang zum Hertersteg","3","","Multifunktions- und Behinderten WC, Wickeltisch.","POINT (2681947 1246807)"
"49","","Oberholzstrasse 41","","","","","Umwelt- und Gesundheitsschutz","202412161145","","Gesundheits- und Umweltdepartement (GUD)","ugzget","","","41","1__","Behinderten-WC;NULL","1","0","WC (rollstuhlgängig)","ugz-zueriwc@zuerich.ch","Escherhöhe  (rollstuhlgängig mit EuroKey)","","n.a.","n.a.","n.a.","n.a.","n.a.","n.a.","n.a.","n.a.","n.a.","n.a.","n.a.","n.a.","n.a.","n.a.","Zürich","8044","wcr8682","","1","Oberholzstrasse","Toilette, Toiletten","+41 44 412 43 65","","https://www.stadt-zuerich.ch/zueriwc","NULL;NULL;","NULL;NULL;","NULL;NULL;","Oberholzstrasse 41","https://www.zvv.ch/de/fahrplan-und-informationen/fahrplan.html?toname=Zürich, Oberholzstrasse 41","06-20 Uhr. Mit Eurokey 24h","Fr. 1.-, mit Eurokey gratis","Escherhöhe","7","","Behinderten-WC","POINT (2685285 1248993)"
"50","","Max-Frisch-Platz 21 (eing.)","","","Behinderten-WC und Multifunktions-WC in der neuen Quartierverbindung Oerlikon","","Umwelt- und Gesundheitsschutz","202412161145","","Gesundheits- und Umweltdepartement (GUD)","ugzget","","","21","1_Zugang mit Eurokey oder über Gebühr Fr. 1.--_","Behinderten-WC;NULL","1","0","WC (rollstuhlgängig)","ugz-zueriwc@zuerich.ch","Max-Frisch-Platz (rollstuhlgängig mit Eurokey","","n.a.","n.a.","n.a.","n.a.","n.a.","n.a.","n.a.","n.a.","n.a.","n.a.","n.a.","n.a.","n.a.","n.a.","Zürich","8050","wcr4920","","1","Max-Frisch-Platz","Toilette, Toiletten","+41 44 412 43 66","","https://www.stadt-zuerich.ch/zueriwc","NULL;NULL;","NULL;NULL;","NULL;NULL;","Max-Frisch-Platz 21 (eing.)","https://www.zvv.ch/de/fahrplan-und-informationen/fahrplan.html?toname=Zürich, Max-Frisch-Platz 21","24h","Behinderten-WC mit Eurokey oder Fr. 1.--. Multifunktions-WC gebührenfrei","Max-Frisch-Platz","11","","Multifunktions- und Behinderten WC. Die Anlage befindet sich in der Bahnhofsunterführung.","POINT (2683340 1251814)"
"51","","Wehntalerstrasse 111 (erst.)","","","","","Umwelt- und Gesundheitsschutz","202412161145","","Gesundheits- und Umweltdepartement (GUD)","ugzfir","","","111","1__",";Geöffnet 24h. Behinderten-WC Mit Eurokey 24h oder Fr. 1.--","1","0","WC (rollstuhlgängig)","ugz-zueriwc@zuerich.ch","Guggachareal (rollstuhlgängim mit Eurokey)","","n.a.","n.a.","n.a.","n.a.","n.a.","n.a.","n.a.","n.a.","n.a.","n.a.","n.a.","n.a.","n.a.","n.a.","Zürich","8057","wcr11867","","1","Wehntalerstrasse","WC, Toilette","+41 44 412 43 65","","https://www.stadt-zuerich.ch/zueriwc","NULL;NULL;","NULL;NULL;","NULL;NULL;","Wehntalerstrasse 111 (erst.)","https://www.zvv.ch/de/fahrplan-und-informationen/fahrplan.html?toname=Zürich, Wehntalerstrasse 111","Rollstuhlgängiges- und familiengerechtes-WC: von 06:00-22:00 - mit Eurokey 24 h offen. Multifunktions-WC: 24 h offen.","Rollstuhlgängiges- und familiengerechtes-WC: CHF 1.-- / 1 Euro (Kreditkartenzahlung möglich) oder Eurokey. Multifunktions-WC: kostenlos.","ZüriWC Guggachareal","6","","1 Rollstuhlgängiges- und familiengerechtes-WC Modul mit Wickeltisch und 1 Multifunktions-WC. Die Anlage befindet sich im weissen Gebäude nach den Fussballfeld.","POINT (2682674 1250816)"
"52","","Mythenquai 73 (erst.)","","0","","","Umwelt- und Gesundheitsschutz","202412161145","","Gesundheits- und Umweltdepartement (GUD)","ugzget","","","73","1_ZüriWC_","Behinderten-WC;NULL","1","0","WC (rollstuhlgängig)","ugz-zueriwc@zuerich.ch","Mythenquai (rollstuhlgängig mit EuroKey)","","n.a.","n.a.","n.a.","n.a.","n.a.","n.a.","n.a.","n.a.","n.a.","n.a.","n.a.","n.a.","n.a.","n.a.","Zürich","8002","wcr11783","","1","Mythenquai","Toilette, Toiletten","+41 44 412 43 65","","https://www.stadt-zuerich.ch/zueriwc","NULL;NULL;","NULL;NULL;","NULL;NULL;","Mythenquai 73 (erst.)","https://www.zvv.ch/de/fahrplan-und-informationen/fahrplan.html?toname=Zürich, Mythenquai 73","24h","Behinderten-WC Fr. 1.-- oder Eurokey, Multifunktions-WC gratis","Mythenquai 73 bei der Wasserschutzpolizei","2","","Multifunktions- und Behinderten WC. Das Behinderten-WC ist schwellenfrei zugänglich.","POINT (2682895 1245756)"
"53","","Gessnerallee 17","","","","","Umwelt- und Gesundheitsschutz","202412161145","","Gesundheits- und Umweltdepartement (GUD)","ugzget","","","17","0__",";Geöffnet während der Öffnungszeiten der Rio-Bar._Gebühr Fr. 1.-- oder Eurokey","1","0","WC (rollstuhlgängig)","ugz-zueriwc@zuerich.ch","Gessnerallee (rollstuhlgängig mit Eurokey)","","n.a.","n.a.","n.a.","n.a.","n.a.","n.a.","n.a.","n.a.","n.a.","n.a.","n.a.","n.a.","n.a.","n.a.","Zürich","8001","wcr007","","1","Gessnerallee","","+41 44 412 43 65","","https://www.stadt-zuerich.ch/zueriwc","NULL;NULL;","NULL;NULL;","NULL;NULL;","Gessnerallee 17","https://www.zvv.ch/de/fahrplan-und-informationen/fahrplan.html?toname=Zürich, Gessnerallee 17","Während der Öffnungszeiten der Rio Bar","Gebühr Fr. 1.-- oder Eurokey","Gessnerallee 17 / Rio Bar, Gessnerbrücke","1","","Öffentlich zugängliches Behinderten WC in der Bar Rio, Wickeltisch. ","POINT (2682851 1247850)"
"54","","Lindenplatz 1","","","","","Umwelt- und Gesundheitsschutz","202412161145","","Gesundheits- und Umweltdepartement (GUD)","ugzfir","","","1","0__",";Geöffnet während der Betriebszeiten des Kiosks._Behinderten-WC 24 h zugänglich._Behinderten-WC Fr. 1.-- oder Eurokey, Damen- und Herren-WC gratis","1","0","WC (rollstuhlgängig)","ugz-zueriwc@zuerich.ch","Lindenplatz (rollstuhlgängig mit Eurokey)","","n.a.","n.a.","n.a.","n.a.","n.a.","n.a.","n.a.","n.a.","n.a.","n.a.","n.a.","n.a.","n.a.","n.a.","Zürich","8048","wcr077","","1","Lindenplatz","Toilette, Toiletten, Wickeltisch","+41 44 412 43 65","","https://www.stadt-zuerich.ch/zueriwc","NULL;NULL;","NULL;NULL;","NULL;NULL;","Lindenplatz 1","https://www.zvv.ch/de/fahrplan-und-informationen/fahrplan.html?toname=Zürich, Lindenplatz 1","Rollstuhlgängiges- und familiengerechtes-WC Modul:                      von 06:00 - 22:00 h,                              mit Eurokey 24 h offen.     ","Rollstuhlgängiges- und familiengerechtes-WC: CHF 1.-- / 1 Euro (Kreditkartenzahlung möglich) oder kostenlos mit Eurokey.                   Multifunktions-WC: kostenlos.","Lindenplatz 1 / Kioskgebäude","9","","1 Rollstuhlgängiges- und familiengerechtes-WC Modul mit Wickeltisch und 1 Multifunktions-WC.","POINT (2679094 1249055)"
"55","","Zürichbergstrasse 175","","","Das ZüriWC liegt an der Tramendhaltestelle Zoo.","","Umwelt- und Gesundheitsschutz","202412161145","","Gesundheits- und Umweltdepartement (GUD)","ugzfir","","","175","0__",";Geöffnet 24h. Behinderten-WC ohne Eurokey von 06.00-22.00 Uhr._Behinderten-WC (Fr. 1.-- oder Eurokey), Multifunktions-WC (gratis)_","1","0","WC (rollstuhlgängig)","ugz-zueriwc@zuerich.ch","Allmend Fluntern - Zoo (rollstuhlgängig mit Eurokey)","","n.a.","n.a.","n.a.","n.a.","n.a.","n.a.","n.a.","n.a.","n.a.","n.a.","n.a.","n.a.","n.a.","n.a.","Zürich","8044","wcr055","","1","Zürichbergstrasse","Toilette, Toiletten","+41 44 412 43 65","","https://www.stadt-zuerich.ch/zueriwc","NULL;NULL;","NULL;NULL;","NULL;NULL;","Zürichbergstrasse 175","https://www.zvv.ch/de/fahrplan-und-informationen/fahrplan.html?toname=Zürich, Zürichbergstrasse 175","Rollstuhlgängiges- und familiengerechtes-WC: von 06:00-22:00 - mit Eurokey 24 h offen. Multifunktions-WC: 24 h offen.","Rollstuhlgängiges- und familiengerechtes-WC: CHF 1.-- / 1 Euro (Kreditkartenzahlung möglich) oder Eurokey. Multifunktions-WC: kostenlos. ","Zürichbergstr. 175 / Endstation Zoo, Wartehalle","7","","1 Rollstuhlgängiges- und familiengerechtes-WC Modul mit Wickeltisch und 1 Multifunktions-WC. Das ZüriWC liegt an der Tramendhaltestelle Zoo.","POINT (2685550 1248503)"
"56","","Kreuzplatz 11","","","","","Umwelt- und Gesundheitsschutz","202412161145","","Gesundheits- und Umweltdepartement (GUD)","ugzget","","","11","0__",";Geöffnet 24h._Behinderten-WC (Fr. 1.-- oder Eurokey), Multifunktions-WC (gratis)_","1","0","WC (rollstuhlgängig)","ugz-zueriwc@zuerich.ch","Kreuzplatz (rollstuhlgängig mit EuroKey)","","n.a.","n.a.","n.a.","n.a.","n.a.","n.a.","n.a.","n.a.","n.a.","n.a.","n.a.","n.a.","n.a.","n.a.","Zürich","8032","wcr059","","1","Kreuzplatz","Toilette, Toiletten","+41 44 412 43 65","","https://www.stadt-zuerich.ch/zueriwc","NULL;NULL;","NULL;NULL;","NULL;NULL;","Kreuzplatz 11","https://www.zvv.ch/de/fahrplan-und-informationen/fahrplan.html?toname=Zürich, Kreuzplatz 11","24 h","Behinderten-WC Fr. 1.-- oder Eurokey, Multifunktions-WC gratis","Kreuzplatz 11 / Im Kioskgebäude","7","","2 Multifunktions- und ein Behinderten WC, Wickeltisch. Die Anlage befindet sich im denkmalgeschützten Gebäude in Mitten des Kreuzplatzes.","POINT (2684261 1246611)"
"57","","Ottikerstrasse 64","","","","","Umwelt- und Gesundheitsschutz","202412161145","","Gesundheits- und Umweltdepartement (GUD)","ugzget","","","64","0__",";Geöffnet 24h, Gebühr Fr. 1.-- oder Eurokey","1","0","WC (rollstuhlgängig)","ugz-zueriwc@zuerich.ch","Rigiplatz (rollstuhlgängig mit EuroKey)","","n.a.","n.a.","n.a.","n.a.","n.a.","n.a.","n.a.","n.a.","n.a.","n.a.","n.a.","n.a.","n.a.","n.a.","¨Zürich","8006","wcr098","","1","Ottikerstrasse","Toilette, Toiletten","+41 44 412 43 65","","https://www.stadt-zuerich.ch/zueriwc","NULL;NULL;","NULL;NULL;","NULL;NULL;","Ottikerstrasse 64","https://www.zvv.ch/de/fahrplan-und-informationen/fahrplan.html?toname=Zürich, Ottikerstrasse 64","24 h","Fr. 1.-- oder Eurokey","Ottikerstrasse 64 / Ecke Cullmannstrasse","6","","Selbstreinigender WC Automat für Damen- und Herren. Rollstuhlgängig mit automatischer Tür, Wickeltisch.","POINT (2683746 1248824)"
"58","","Seilergraben 76","","","","","Umwelt- und Gesundheitsschutz","202412161145","","Gesundheits- und Umweltdepartement (GUD)","ugzget","","","76","0__",";Geöffnet 24h._Behinderten-WC (Fr. 1.-- oder Eurokey), Multifunktions-WC (gratis)_","1","0","WC (rollstuhlgängig)","ugz-zueriwc@zuerich.ch","Central (rollstuhlgängig mit Eurokey)","","n.a.","n.a.","n.a.","n.a.","n.a.","n.a.","n.a.","n.a.","n.a.","n.a.","n.a.","n.a.","n.a.","n.a.","Zürich","8001","wcr001","","1","Seilergraben","Toilette, Toiletten","+41 44 412 43 65","","https://www.stadt-zuerich.ch/zueriwc","NULL;NULL;","NULL;NULL;","NULL;NULL;","Seilergraben 76","https://www.zvv.ch/de/fahrplan-und-informationen/fahrplan.html?toname=Zürich, Seilergraben 76","24 h","Behinderten-WC Fr. 1.-- oder Eurokey, Multifunktions-WC gratis","Seilergraben 76 / Beim Aufgang zum Hirschengraben","1","","Multifunktions- und Behinderten-WC, Wickeltisch.","POINT (2683530 1247915)"
"59","","Heimplatz 6","","","","","Umwelt- und Gesundheitsschutz","202412161145","","Gesundheits- und Umweltdepartement (GUD)","ugzget","","","6","0__",";Geöffnet 24h. Behinderten-WC ohne Eurokey von 06.00-22.00 Uhr._Behinderten-WC (Fr. 1.-- oder Eurokey), Multifunktions-WC (gratis)_Wickeltisch","1","0","WC (rollstuhlgängig)","ugz-zueriwc@zuerich.ch","Heimplatz (rollstuhlgängig mit EuroKey)","","n.a.","n.a.","n.a.","n.a.","n.a.","n.a.","n.a.","n.a.","n.a.","n.a.","n.a.","n.a.","n.a.","n.a.","Zürich","8001","wcr009","","1","Heimplatz","Toilette, Toiletten","+41 44 412 43 65","","https://www.stadt-zuerich.ch/zueriwc","NULL;NULL;","NULL;NULL;","NULL;NULL;","Heimplatz 6","https://www.zvv.ch/de/fahrplan-und-informationen/fahrplan.html?toname=Zürich, Heimplatz 6","MF-WC 24 h, Behinderten-WC mit Eurokey 24h, mit Gebühr Fr. 1.-- 06.00-22.00 Uhr","Behinderten-WC Fr. 1.-- oder Eurokey, Damen- und Herren-WC gratis","Heimplatz","1","","Multifunktions- und Behinderten WC.","POINT (2683854 1247215)"
"60","","Agnesstrasse 30","","","","","Umwelt- und Gesundheitsschutz","202412161145","","Gesundheits- und Umweltdepartement (GUD)","ugzget","","","30","0__",";Geöffnet 24h. Behinderten-WC ohne Eurokey von 06.00-22.00 Uhr._Behinderten-WC (Fr. 1.-- oder Eurokey), Multifunktions-WC (gratis_Zufahrt mit Rollstuhl erschwert wegen Kies._","1","0","WC (rollstuhlgängig)","ugz-zueriwc@zuerich.ch","Bullingerwiese (rollstuhlgängig mit EuroKey)","","n.a.","n.a.","n.a.","n.a.","n.a.","n.a.","n.a.","n.a.","n.a.","n.a.","n.a.","n.a.","n.a.","n.a.","Zürich","8004","wcr038","","1","Agnesstrasse","Toilette, Toiletten","+41 44 412 43 65","","https://www.stadt-zuerich.ch/zueriwc","NULL;NULL;","NULL;NULL;","NULL;NULL;","Agnesstrasse 30","https://www.zvv.ch/de/fahrplan-und-informationen/fahrplan.html?toname=Zürich, Agnesstrasse 30","24 h","MF-WC 24 h, Behinderten-WC mit Eurokey 24h, mit Gebühr Fr. 1-- von 06.00-22.00 Uhr","Agnesstrasse 30 / Im Hof der Überbauung Bullingerhof","4","","Multifunktions- und Behinderten WC. Zufahrt mit Rollstuhl wegen Kies erschwert. Wickeltisch vorhanden.","POINT (2681190 1248077)"
"61","","Gleisbogen 40","Gleisbogen 40","","","","Umwelt- und Gesundheitsschutz","202412161145","","Gesundheits- und Umweltdepartement (GUD)","ugzget","","","40","0__",";Geöffnet 24h. Behinderten-WC ohne Eurokey von 06.00-22.00 Uhr._Behinderten-WC (Fr. 1.-- oder Eurokey), Multifunktions-WC (gratis)_","1","0","WC (rollstuhlgängig)","ugz-zueriwc@zuerich.ch","Pfingstweid (rollstuhlgängig mit Eurokey)","","n.a.","n.a.","n.a.","n.a.","n.a.","n.a.","n.a.","n.a.","n.a.","n.a.","n.a.","n.a.","n.a.","n.a.","Zürich","8005","wcr3629","","1","Gleisbogen","Toilette, Toiletten","+41 44 412 43 65","","https://www.stadt-zuerich.ch/zueriwc","NULL;NULL;","NULL;NULL;","NULL;NULL;","Gleisbogen 40","https://www.zvv.ch/de/fahrplan-und-informationen/fahrplan.html?toname=Zürich, Gleisbogen 40","Multifunktions-WC 24 h, Behinderten-WC mit Eurokey 24h, mit Gebühr Fr. 1.-- 06.00-22.00 Uhr","Behinderten-WC Fr. 1.-- oder Eurokey, Multifunktions-WC gratis","Pfingstweid Park am Rande der Wiese.","5","","Multifunktions- und Behinderten WC am Pfingstweid Park.","POINT (2681083 1249175)"
"62","","Wasserwerkstrasse 89","","","","","Umwelt- und Gesundheitsschutz","202412161145","","Gesundheits- und Umweltdepartement (GUD)","ugzget","","","89","0__",";Geöffnet 24h. Behinderten-WC ohne Eurokey von 6-22 Uhr (im Winter 20h)_Behinderten-WC (Fr. 1.-- oder Eurokey), Multifunktions-WC (gratis)_","1","0","WC (rollstuhlgängig)","ugz-zueriwc@zuerich.ch","Lettenareal (rollstuhlgängig mit EuroKey)","","n.a.","n.a.","n.a.","n.a.","n.a.","n.a.","n.a.","n.a.","n.a.","n.a.","n.a.","n.a.","n.a.","n.a.","Zürich","8037","wcr102","","1","Wasserwerkstrasse","Toilette, Toiletten","+41 44 412 43 65","","https://www.stadt-zuerich.ch/zueriwc","NULL;NULL;","NULL;NULL;","NULL;NULL;","Wasserwerkstrasse 89","https://www.zvv.ch/de/fahrplan-und-informationen/fahrplan.html?toname=Zürich, Wasserwerkstrasse 89","24h, Behinderten-WC ohne Eurokey von 06.00-22.00 im Winter bis 20.00 Uhr.","Behinderten-WC Fr. 1.-- oder Eurokey, Multifunktions-WC gratis","Wasserwerkstrasse 89 / Im Brückenpfeiler der Kornhausbrücke","10","","Multifunktions- und  Behinderten-WC mit Eurokey, Wickeltisch.","POINT (2682737 1248998)"
"63","","Mythenquai 19","","","","","Umwelt- und Gesundheitsschutz","202412161145","","Gesundheits- und Umweltdepartement (GUD)","ugzget","","","19","0__",";Geöffnet 24h._Behinderten-WC (Fr. 1.-- oder Eurokey), Multifunktions-WC (gratis)_","1","0","WC (rollstuhlgängig)","ugz-zueriwc@zuerich.ch","Hafen Enge (rollstuhlgängig mit EuroKey)","","n.a.","n.a.","n.a.","n.a.","n.a.","n.a.","n.a.","n.a.","n.a.","n.a.","n.a.","n.a.","n.a.","n.a.","Zürich","8002","wcr017","","1","Mythenquai","Toilette, Toiletten","+41 44 412 43 65","","https://www.stadt-zuerich.ch/zueriwc","NULL;NULL;","NULL;NULL;","NULL;NULL;","Mythenquai 19","https://www.zvv.ch/de/fahrplan-und-informationen/fahrplan.html?toname=Zürich, Mythenquai 19","24 h","Behinderten-WC Fr. 1.-- oder Eurokey, Multifunktions-WC gratis","Mythenquai 19 / Beim Kiosk Hafen Enge","2","","2 Multifunktions- und Behinderten WC, Wickeltisch.","POINT (2682863 1246178)"
"64","","Klosbachstrasse 19","","","","","Umwelt- und Gesundheitsschutz","202412161145","","Gesundheits- und Umweltdepartement (GUD)","ugzfir","","","19","0__",";Geöffnet 24h._Behinderten-WC (Fr. 1.-- oder Eurokey), Multifunktions-WC (gratis)_Zufahrt Rollstuhl wegen Kiesfläche erschwert._","1","0","WC (rollstuhlgängig)","ugz-zueriwc@zuerich.ch","Artergut (rollstuhlgängig mit Eurokey)","","n.a.","n.a.","n.a.","n.a.","n.a.","n.a.","n.a.","n.a.","n.a.","n.a.","n.a.","n.a.","n.a.","n.a.","Zürich","8032","wcr056","","1","Klosbachstrasse","Toilette, Toiletten, Wickeltisch","+41 44 412 43 65","","https://www.stadt-zuerich.ch/zueriwc","NULL;NULL;","NULL;NULL;","NULL;NULL;","Klosbachstrasse 19","https://www.zvv.ch/de/fahrplan-und-informationen/fahrplan.html?toname=Zürich, Klosbachstrasse 19","Rollstuhlgängiges- und familiengerechtes-WC: von 06:00-22:00 - mit Eurokey 24 h offen. Multifunktions-WC: 24 h offen..","Rollstuhlgängiges- und familiengerechtes-WC: CHF 1.-- / 1 Euro (Kreditkartenzahlung möglich) oder Eurokey. Multifunktions-WC: kostenlos.","Klosbachstr. 19, im Park","7","","1 Rollstuhlgängiges- und familiengerechtes-WC Modul mit Wickeltisch und 1 Multifunktions-WC. Bitte beachten Sie: Die Kiesfläche erschwert die Zufahrt mit dem Rollstuhl.","POINT (2684311 1246714)"
"65","","Bucheggplatz 1","","","","","Umwelt- und Gesundheitsschutz","202412161145","","Gesundheits- und Umweltdepartement (GUD)","ugzget","","","1","0__",";Geöffnet 24h_Behinderten-WC Fr. 1.-- oder Eurokey, Damen- und Herren-WC gratis_","1","0","WC (rollstuhlgängig)","ugz-zueriwc@zuerich.ch","Bucheggplatz (rollstuhlgängig mit EuroKey)","","n.a.","n.a.","n.a.","n.a.","n.a.","n.a.","n.a.","n.a.","n.a.","n.a.","n.a.","n.a.","n.a.","n.a.","Zürich","8057","wcr052","","1","Bucheggplatz","Toilette, Toiletten","+41 44 412 43 65","","https://www.stadt-zuerich.ch/zueriwc","NULL;NULL;","NULL;NULL;","NULL;NULL;","Bucheggplatz 1","https://www.zvv.ch/de/fahrplan-und-informationen/fahrplan.html?toname=Zürich, Bucheggplatz 1","24 h","Behinderten-WC Fr. 1.-- oder Eurokey, Damen- und Herren-WC gratis.","Bucheggplatz 1 / Im Kioskgebäude, hinten.","6","","Damen- und Herren WC, eine rollstuhlgängige Kabine, Pissoir.","POINT (2682615 1250270)"
"66","","Seefeldstrasse 103","","","","","Umwelt- und Gesundheitsschutz","202412161145","","Gesundheits- und Umweltdepartement (GUD)","ugzget","","","103","0__",";Geöffnet 24h. Behinderten-WC ohne Eurokey von 06.00-22.00 Uhr._Behinderten-WC (Fr. 1.-- oder Eurokey), Multifunktions-WC (gratis)_","1","0","WC (rollstuhlgängig)","ugz-zueriwc@zuerich.ch","Höschgasse - Seefeldstrasse (rollstuhlgängig mit Eurokey)","","n.a.","n.a.","n.a.","n.a.","n.a.","n.a.","n.a.","n.a.","n.a.","n.a.","n.a.","n.a.","n.a.","n.a.","Zürich","8008","wcr069","","1","Seefeldstrasse","Toilette, Toiletten","+41 44 412 43 65","","https://www.stadt-zuerich.ch/zueriwc","NULL;NULL;","NULL;NULL;","NULL;NULL;","Seefeldstrasse 103","https://www.zvv.ch/de/fahrplan-und-informationen/fahrplan.html?toname=Zürich, Seefeldstrasse 103","24 h, Behinderten-WC 06-22 Uhr, mit EuroKey 24h","Gebührenfrei. Behinderten-WC Fr. 1.--. oder Eurokey.","Seefeldstrasse beim GZ Riesbach","8","","Multifunktions- und Behinderten WC, Wickeltisch.","POINT (2684250 1245903)"
"67","","Bahnhofpassage 52u","","","","","Umwelt- und Gesundheitsschutz","202412161145","","Gesundheits- und Umweltdepartement (GUD)","ugzget","","","52u","0__",";Anlage mit Personal_Geöffnet 06.30-21.45_Behinderten-WC während Öffnungszeiten ShopVille_Gebühr Fr. 1.--, Dusche Fr. 10.--","1","0","WC (rollstuhlgängig)","ugz-zueriwc@zuerich.ch","Shopville (rollstuhlgängig mit EuroKey)","","n.a.","n.a.","n.a.","n.a.","n.a.","n.a.","n.a.","n.a.","n.a.","n.a.","n.a.","n.a.","n.a.","n.a.","Zürich","8001","wcr002","","1","Bahnhofpassage","Toilette, Toiletten","+41 44 412 43 65","","https://www.stadt-zuerich.ch/zueriwc","NULL;NULL;","NULL;NULL;","NULL;NULL;","Bahnhofpassage 52u","https://www.zvv.ch/de/fahrplan-und-informationen/fahrplan.html?toname=Zürich, Bahnhofpassage 52u","06.30 - 21.45 Uhr. Behinderten-WC während der Öffnung der Passage.","Fr. 1.-- oder Eurokey","Bahnhofpassage 52u / Im Shopville zwischen den Tramhaltestellen Bahnhofquai und Bahnhofstrasse","1","","Bediente Anlage. Damen- und Herren WC, Behinderten WC, Dusche, Wickeltisch, Verkauf von Hygieneartikeln. ","POINT (2683265 1247953)"
"68","","Limmatplatz 3c","","","","","Umwelt- und Gesundheitsschutz","202412161145","","Gesundheits- und Umweltdepartement (GUD)","ugzget","","","3c","0__",";Geöffnet 24h._Behinderten-WC (Fr. 1.-- oder Eurokey), Multifunktions-WC (gratis)_","1","0","WC (rollstuhlgängig)","ugz-zueriwc@zuerich.ch","Limmatplatz (rollstuhlgängig mit EuroKey)","","n.a.","n.a.","n.a.","n.a.","n.a.","n.a.","n.a.","n.a.","n.a.","n.a.","n.a.","n.a.","n.a.","n.a.","Zürich","8005","wcr050","","1","Limmatplatz","Toilette, Toiletten","+41 44 412 43 65","","https://www.stadt-zuerich.ch/zueriwc","NULL;NULL;","NULL;NULL;","NULL;NULL;","Limmatplatz 3c","https://www.zvv.ch/de/fahrplan-und-informationen/fahrplan.html?toname=Zürich, Limmatplatz 3c","24h","Behinderten-WC Fr. 1.-- oder Eurokey, Multifunktions-WC gratis","Limmatplatz 3c / Auf der Traminsel","5","","2 Multifunktions- und ein Behinderten WC, Wickeltisch.","POINT (2682541 1248778)"
"69","","Zypressenstrasse 36","","","","","Umwelt- und Gesundheitsschutz","202412161145","","Gesundheits- und Umweltdepartement (GUD)","ugzget","","","36","0__",";Geöffnet 24h._Behinderten-WC (Fr. 1.-- oder Eurokey), Multifunktions-WC (gratis)_","1","0","WC (rollstuhlgängig)","ugz-zueriwc@zuerich.ch","Fritschiwiese (rollstuhlgängig mit EuroKey)","","n.a.","n.a.","n.a.","n.a.","n.a.","n.a.","n.a.","n.a.","n.a.","n.a.","n.a.","n.a.","n.a.","n.a.","Zürich","8003","wcr027","","1","Zypressenstrasse","Toilette, Toiletten","+41 44 412 43 65","","https://www.stadt-zuerich.ch/zueriwc","NULL;NULL;","NULL;NULL;","NULL;NULL;","Zypressenstrasse 36","https://www.zvv.ch/de/fahrplan-und-informationen/fahrplan.html?toname=Zürich, Zypressenstrasse 36","24 h","Behinderten-WC Fr. 1.-- oder Eurokey, Multifunktions-WC gratis","Zypressenstrasse 36","3","","2 Multifunktions-WCs und Behinderten WC im ehemaligen Gerätelokal. Wickeltisch vorhanden.","POINT (2681102 1247893)"
"70","","Lutherstrasse 5 (erst.)","","","","","Umwelt- und Gesundheitsschutz","202412161145","","Gesundheits- und Umweltdepartement (GUD)","ugzget","","","5","1__","Behinderten-WC;NULL","1","0","WC (rollstuhlgängig)","ugz-zueriwc@zuerich.ch","Stauffacher (rollstuhlgängig mit Eurokey)","","n.a.","n.a.","n.a.","n.a.","n.a.","n.a.","n.a.","n.a.","n.a.","n.a.","n.a.","n.a.","n.a.","n.a.","Zürich","8004","wcr6098","","1","Lutherstrasse","Toilette, Toiletten","+41 44 412 43 65","","https://www.stadt-zuerich.ch/zueriwc","NULL;NULL;","NULL;NULL;","NULL;NULL;","Lutherstrasse 5 (erst.)","https://www.zvv.ch/de/fahrplan-und-informationen/fahrplan.html?toname=Zürich, Lutherstrasse 5","24 h","Gebührenfrei. Behinderten WC Fr. 1.- oder Eurokey","Stauffacher","4","","Multifunktions- und Behinderten-WC","POINT (2682389 1247569)"
"71","","Herzogenmühlestrasse 3","","","","","Umwelt- und Gesundheitsschutz","202507102326","","Gesundheits- und Umweltdepartement (GUD)","ugzfir","","","3","0__",";Geöffnet 24h._Behinderten-WC (Fr. 1.-- oder Eurokey), Multifunktions-WC (gratis)_","1","0","WC (rollstuhlgängig)","ugz-zueriwc@zuerich.ch","Hirschen - Schwamendingen (rollstuhlgängig mit EuroKey)","","n.a.","n.a.","n.a.","n.a.","n.a.","n.a.","n.a.","n.a.","n.a.","n.a.","n.a.","n.a.","n.a.","n.a.","Zürich","8051","wcr093","","0","Herzogenmühlestrasse","Toilette, Toiletten","+41 44 412 43 65","","https://www.stadt-zuerich.ch/zueriwc","NULL;NULL;","NULL;NULL;","NULL;NULL;","Herzogenmühlestrasse 3","https://www.zvv.ch/de/fahrplan-und-informationen/fahrplan.html?tolat=2685581&tolon=1251070&toname=Zürich, Herzogenmühlestrasse 3","24 h","Behinderten-WC Fr. 1.-- oder Eurokey, Multifunktions-WC gratis","Herzogenmühlestrasse 3, Schwamendingerplatz","12","","Multifunktions- und Behinderten-WC, Wickeltisch. Das WC liegt direkt am Schwamendingerplatz.","POINT (2685581 1251070)"
"72","","Vulkanplatz 33","","0","Das rollstuhlgängige- und familiengerechte-WC Modul ist auch mit einem Wickeltisch ausgestattet.<BR>Gebühren: CHF 1.-- / 1 ¿ (Kreditkartenzahlung möglich) oder Eurokey.","","Umwelt- und Gesundheitsschutz","202412161145","","Gesundheits- und Umweltdepartement (GUD)","ugzfir","","","33","0__",";Geöffnet 24h. Behinderten-WC ohne Eurokey von 06.00-22.00 Uhr._Behinderten-WC (Fr. 1.-- oder Eurokey), Multifunktions-WC (gratis)_","1","0","WC (rollstuhlgängig)","ugz-zueriwc@zuerich.ch","Bahnhof Altstetten - Vulkanplatz (rollstuhlgängig mit Eurokey)","mit Wickeltisch","n.a.","n.a.","n.a.","n.a.","n.a.","n.a.","n.a.","n.a.","n.a.","n.a.","n.a.","n.a.","n.a.","n.a.","Zürich","8048","wcr1312","","1","Vulkanplatz","ZüriWC, WC, WC-Anlagen, Toilette, Toiletten, Wickeltisch","+41 44 412 43 65","","https://www.stadt-zuerich.ch/zueriwc","NULL;NULL;","NULL;NULL;","NULL;NULL;","Vulkanplatz 33","https://www.zvv.ch/de/fahrplan-und-informationen/fahrplan.html?toname=Zürich, Vulkanplatz 33","Rollstuhlgängiges- und familiengerechtes-WC: von 06:00-22:00 - mit Eurokey 24 h offen. Multifunktions-WC: 24 h offen.","Rollstuhlgängiges- und familiengerechtes-WC: CHF 1.-- / 1 Euro (Kreditkartenzahlung möglich) oder Eurokey. Multifunktions-WC: kostenlos.","Bahnhof Altstetten - Vulkanplatz","9","","1 Rollstuhlgängiges- und familiengerechtes-WC Modul mit Wickeltisch und  1 Multifunktions-WC","POINT (2679321 1249577)"
"73","","Bachwiesenstrasse 40","","0","Link zu pro Infirmis","","Umwelt- und Gesundheitsschutz","202412161145","","Gesundheits- und Umweltdepartement (GUD)","ugzfir","","","40","0__https://zuerst.proinfirmis.ch/pois/detail/25199",";NULL","1","0","WC (rollstuhlgängig)","ugz-zueriwc@zuerich.ch","Bachwiesen (rollstuhlgängig mit Eurokey)","","n.a.","n.a.","n.a.","n.a.","n.a.","n.a.","n.a.","n.a.","n.a.","n.a.","n.a.","n.a.","n.a.","n.a.","Zürich","8047","wcr2895","","1","Bachwiesenstrasse","Toilette, Toiletten","+41 44 412 43 65","","https://www.stadt-zuerich.ch/zueriwc","NULL;NULL;","NULL;NULL;","NULL;NULL;","Bachwiesenstrasse 40","https://www.zvv.ch/de/fahrplan-und-informationen/fahrplan.html?toname=Zürich, Bachwiesenstrasse 40","Rollstuhlgängiges- und familiengerechtes-WC: von 06:00-22:00 - mit Eurokey 24 h offen. Multifunktions-WC: 24 h offen.","Rollstuhlgängiges- und familiengerechtes-WC: CHF 1.-- / 1 Euro (Kreditkartenzahlung möglich) oder Eurokey. Multifunktions-WC: kostenlos. ","Gemeinschaftszentrum Bachwiesen, Bachwiesenstrasse 40","9","","1 Rollstuhlgängiges- und familiengerechtes-WC Modul mit Wickeltisch und 1 Multifunktions-WC.","POINT (2679104 1248207)"
"74","","Nordstrasse 45 (freig.)","","","","","Umwelt- und Gesundheitsschutz","202412161145","","Gesundheits- und Umweltdepartement (GUD)","ugzget","","","45","1__","Behinderten-WC;NULL","1","0","WC (rollstuhlgängig)","ugz-zueriwc@zuerich.ch","Schindlergut","Schindlergut","n.a.","n.a.","n.a.","n.a.","n.a.","n.a.","n.a.","n.a.","n.a.","n.a.","n.a.","n.a.","n.a.","n.a.","Zürich","8006","wcr12923","","1","Nordstrasse","Toilette, Toiletten","+41 44 412 43 65","","https://www.stadt-zuerich.ch/zueriwc","NULL;NULL;","NULL;NULL;","NULL;NULL;","Nordstrasse 45 (freig.)","https://www.zvv.ch/de/fahrplan-und-informationen/fahrplan.html?toname=Zürich, Nordstrasse 45","24h","Behinderten- und Familienmodul 1 Franken","Nordstrasse 45","6","","1 Multifunktionsmodul und ein Behinderten- und Familienmodul","POINT (2682978 1248954)"
"75","","Bürkliplatz 12","","2","","","Umwelt- und Gesundheitsschutz","202412161145","","Gesundheits- und Umweltdepartement (GUD)","ugzget","","","12","1__","Behinderten-WC;Geöffnet 24h. Gebührenfrei._Behinderten-WC nur mit Eurokey. Der Schlüssel kann beim Kiosk verlangt werden.","1","0","WC (rollstuhlgängig)","ugz-zueriwc@zuerich.ch","Bürklisteg (rollstuhlgängig mit EuroKey)","","n.a.","n.a.","n.a.","n.a.","n.a.","n.a.","n.a.","n.a.","n.a.","n.a.","n.a.","n.a.","n.a.","n.a.","Zürich","8001","wcr006","","1","Bürkliplatz","Toilette, Toiletten","+41 44 412 43 65","","https://www.stadt-zuerich.ch/zueriwc","NULL;NULL;postcard_MasterCard_Visa","NULL;NULL;","NULL;NULL;","Bürkliplatz 12","https://www.zvv.ch/de/fahrplan-und-informationen/fahrplan.html?toname=Zürich, Bürkliplatz 12","24 h","Gebührenfrei","Bürkliplatz 12 / Beim Kiosk ZSG-Schiffahrtsgesellschaft","1","","Damen- und Herren-WC, Pissoir, Behinderten-WC mit Eurokey. Der Schlüssel kann beim Kiosk verlangt werden. Bei schönem Wetter sehr stark frequentierte Anlage.","POINT (2683226 1246714)"
"77","","Rotwandstrasse 34","","","","","Umwelt- und Gesundheitsschutz","202412161145","","Gesundheits- und Umweltdepartement (GUD)","ugzget","","","34","0__",";Geöffnet 24h._Behinderten-WC (nur mit Eurokey), Multifunktions-WC (gratis)_","1","0","WC (rollstuhlgängig)","ugz-zueriwc@zuerich.ch","Rotwandstrasse (rollstuhlgängig mit EuroKey)","","n.a.","n.a.","n.a.","n.a.","n.a.","n.a.","n.a.","n.a.","n.a.","n.a.","n.a.","n.a.","n.a.","n.a.","Zürich","8004","wcr043","","1","Rotwandstrasse","Toilette, Toiletten","+41 44 412 43 65","","https://www.stadt-zuerich.ch/zueriwc","NULL;NULL;","NULL;NULL;","NULL;NULL;","Rotwandstrasse 34","https://www.zvv.ch/de/fahrplan-und-informationen/fahrplan.html?toname=Zürich, Rotwandstrasse 34","24h. Behinderten-WC nur mit Eurokey","Gebührenfrei.","Rotwandstrasse 34 / Eckke Stauffacherstrasse","4","","Multifunktions- und Behinderten-WC. Das Behinderten-WC ist nur mit Eurokey zugänglich.","POINT (2682264 1247679)"
"78","","Hardstrasse 189","","","","","Umwelt- und Gesundheitsschutz","202412161145","","Gesundheits- und Umweltdepartement (GUD)","ugzfir","","","189","0__",";In der Bahnhofshalle beim Kiosk._Geöffnet 24h._Behinderten-WC (Fr. 1.-- oder Eurokey), Multifunktions-WC (gratis)_","1","0","WC (rollstuhlgängig)","ugz-zueriwc@zuerich.ch","Bahnhof Hardbrücke (rollstuhlgängig mit EuroKey)","","n.a.","n.a.","n.a.","n.a.","n.a.","n.a.","n.a.","n.a.","n.a.","n.a.","n.a.","n.a.","n.a.","n.a.","Zürich","8005","wcr037","","1","Hardstrasse","Toilette, Toiletten","+41 44 412 43 65","","https://www.stadt-zuerich.ch/zueriwc","NULL;NULL;","NULL;NULL;","NULL;NULL;","Hardstrasse 189","https://www.zvv.ch/de/fahrplan-und-informationen/fahrplan.html?toname=Zürich, Hardstrasse 189","Während der Öffnungszeiten des Bahnhofs. Am Wochenende 24h","Rollstuhlgängiges- und familiengerechtes-WC: CHF 1.-- / 1 Euro (Kreditkartenzahlung möglich) oder Eurokey. Multifunktions-WC: kostenlos. ","Hardstrasse 189/ Im UG des Bahnhofs beim Kiosk","5","","1 Rollstuhlgängiges- und familiengerechtes-WC Modul mit Wickeltisch und 1 Multifunktions-WC.","POINT (2681424 1248838)"
"79","","Zweierstrasse 149","","","","","Umwelt- und Gesundheitsschutz","202412161145","","Gesundheits- und Umweltdepartement (GUD)","ugzget","","","149","0__",";Geöffnet 24h. Gebührenfrei","1","0","WC (rollstuhlgängig)","ugz-zueriwc@zuerich.ch","Schmiede Wiedikon (rollstuhlgängig ohne EuroKey)","","n.a.","n.a.","n.a.","n.a.","n.a.","n.a.","n.a.","n.a.","n.a.","n.a.","n.a.","n.a.","n.a.","n.a.","Zürich","8003","wcr031","","1","Zweierstrasse","Toilette, Toiletten","+41 44 412 43 65","","https://www.stadt-zuerich.ch/zueriwc","NULL;NULL;","NULL;NULL;","NULL;NULL;","Zweierstrasse 149","https://www.zvv.ch/de/fahrplan-und-informationen/fahrplan.html?toname=Zürich, Zweierstrasse 149","24h","Gebührenfrei","Zweierstrasse 149 / Beim Restaurant Falcone","3","","Kombiniertes Damen- und Herren WC, rollstuhlgängig, Pissoir. ","POINT (2681607 1247184)"
"80","","Birmensdorferstrasse 509","","","","","Umwelt- und Gesundheitsschutz","202412161145","","Gesundheits- und Umweltdepartement (GUD)","ugzget","","","509","0__",";Geöffnet 24h._Behinderten-WC (Fr. 1.-- oder Eurokey), Multifunktions-WC (gratis)_","1","0","WC (rollstuhlgängig)","ugz-zueriwc@zuerich.ch","Triemli (rollstuhlgängig mit EuroKey)","","n.a.","n.a.","n.a.","n.a.","n.a.","n.a.","n.a.","n.a.","n.a.","n.a.","n.a.","n.a.","n.a.","n.a.","Zürich","8055","wcr033","","1","Birmensdorferstrasse","Toilette, Toiletten","+41 44 412 43 65","","https://www.stadt-zuerich.ch/zueriwc","NULL;NULL;","NULL;NULL;","NULL;NULL;","Birmensdorferstrasse 509","https://www.zvv.ch/de/fahrplan-und-informationen/fahrplan.html?toname=Zürich, Birmensdorferstrasse 509","24h","Behinderten-WC Fr. 1.-- oder Eurokey, Multifunktions-WC gratis","Birmensdorferstrasse 509 / Endstation Triemli auf der Traminsel","3","","Multifunktions- und Behinderten WC, Wickeltisch.","POINT (2679818 1246878)"
"81","","Schlossgasse 21","","","","","Umwelt- und Gesundheitsschutz","202412161145","","Gesundheits- und Umweltdepartement (GUD)","ugzfir","","","21","0__",";Geöffnet 24h. Gebührenfrei","1","0","WC (rollstuhlgängig)","ugz-zueriwc@zuerich.ch","Kollerwiese (rollstuhlgängig mit Eurokey)","","n.a.","n.a.","n.a.","n.a.","n.a.","n.a.","n.a.","n.a.","n.a.","n.a.","n.a.","n.a.","n.a.","n.a.","Zürich","8003","wcr13883","","1","Schlossgasse","Toilette, Toiletten, Wickeltisch","+41 44 412 43 65","","https://www.stadt-zuerich.ch/zueriwc","NULL;NULL;","NULL;NULL;","NULL;NULL;","Schlossgasse 21","https://www.zvv.ch/de/fahrplan-und-informationen/fahrplan.html?toname=Zürich, Schlossgasse 21","Rollstuhlgängiges- und familiengerechtes-WC: von 06:00-22:00 - mit Eurokey 24 h offen. Multifunktions-WC: 24 h offen.","Rollstuhlgängiges-WC CHF 1.-- / 1 Euro (Kreditkartenzahlung möglich) oder Eurokey. Multifunktions-WC kostenlos.","Schlossgasse 21 / Ecke Steinstrasse","3","","1 Rollstuhlgängiges- und familiengerechtes-WC Modul mit Wickeltisch und 1 Multifunktions-WC.","POINT (2681611 1246979)"
"82","","Bertastrasse 56 (erst.)","","","","","Umwelt- und Gesundheitsschutz","202412161145","","Gesundheits- und Umweltdepartement (GUD)","ugzfir","","","56","1_ZüriWC_","Behinderten-WC;ZüriWC","1","0","WC (rollstuhlgängig)","ugz-zueriwc@zuerich.ch","Aemtlerwiese (rollstuhlgängig mit EuroKey)","","n.a.","n.a.","n.a.","n.a.","n.a.","n.a.","n.a.","n.a.","n.a.","n.a.","n.a.","n.a.","n.a.","n.a.","Zürich","8003","wcr7281","","1","Bertastrasse","WC, Toilette","+41 44 412 43 65","","https://www.stadt-zuerich.ch/zueriwc","NULL;NULL;","NULL;NULL;","NULL;NULL;","Bertastrasse 56 (erst.)","https://www.zvv.ch/de/fahrplan-und-informationen/fahrplan.html?toname=Zürich, Bertastrasse 56","Rollstuhlgängiges- und familiengerechtes-WC: von 06:00-22:00 - mit Eurokey 24 h offen. Multifunktions-WC: 24 h offen.","Rollstuhlgängiges- und familiengerechtes-WC: CHF 1.-- / 1 Euro (Kreditkartenzahlung möglich) oder Eurokey. Multifunktions-WC: kostenlos.","Aemtlerwiese","3","","1 Rollstuhlgängiges- und familiengerechtes-WC Modul mit Wickeltisch und 1 Multifunktions-WC.","POINT (2681031 1247547)"
"83","","Bellerivestrasse 150","","","","","Umwelt- und Gesundheitsschutz","202412161145","","Gesundheits- und Umweltdepartement (GUD)","ugzget","","","150","0__",";Zurzeit im Umbau. Es steht ein prov. Container zur Verfügung. Eröffnung der neuen Anlage Sommer 2015.","1","0","WC (rollstuhlgängig)","ugz-zueriwc@zuerich.ch","Zürichhorn (rollstuhlgängig mit EuroKey)","","n.a.","n.a.","n.a.","n.a.","n.a.","n.a.","n.a.","n.a.","n.a.","n.a.","n.a.","n.a.","n.a.","n.a.","Zürich","8008","wcr071","","1","Bellerivestrasse","Toilette, Toiletten","+41 44 412 43 65","","https://www.stadt-zuerich.ch/zueriwc","NULL;NULL;","NULL;NULL;","NULL;NULL;","Bellerivestrasse 150","https://www.zvv.ch/de/fahrplan-und-informationen/fahrplan.html?toname=Zürich, Bellerivestrasse 150","24h, März bis Oktober","Behinderten-WC Fr. 1.-- oder Eurokey, Multifunktions-WC gebührenfrei","Bellerivestrasse 150","8","","3 Multifunktions- und ein Behinderten WC, Wickeltisch. Im Winter werden zwei MF-Kabinen geschlossen. ","POINT (2684162 1245409)"
"84","","Hüttenkopfstrasse 85 (erst.)","","","","","Umwelt- und Gesundheitsschutz","202412161145","","Gesundheits- und Umweltdepartement (GUD)","ugzget","","","85","1_ZüriWC. Nebenan liegt die Waldhütte der Hubgenossenschaft Schwamendingen, die gemietet werden kann._","Behinderten-WC;ZüriWC. ","1","0","WC (rollstuhlgängig)","ugz-zueriwc@zuerich.ch","Ziegelhütte (rollstuhlgängig mit Eurokey)","","n.a.","n.a.","n.a.","n.a.","n.a.","n.a.","n.a.","n.a.","n.a.","n.a.","n.a.","n.a.","n.a.","n.a.","Zürich","8051","wcr7280","","1","Hüttenkopfstrasse","Toilette, Toiletten","+41 44 412 43 65","","https://www.stadt-zuerich.ch/zueriwc","NULL;NULL;","NULL;NULL;","NULL;NULL;","Hüttenkopfstrasse 85 (erst.)","https://www.zvv.ch/de/fahrplan-und-informationen/fahrplan.html?toname=Zürich, Hüttenkopfstrasse 85","24h","Behinderten-WC Fr. 1/Eurokey, Multifunktions-WC gratis","Spielplatz Ziegelhütte","11","","1 Behinderten- und ein Multifunktions-WC.","POINT (2685712 1250362)"
"85","","Werdinsel 10","","","","","Umwelt- und Gesundheitsschutz","202412161145","","Gesundheits- und Umweltdepartement (GUD)","ugzget","","","10","0__",";Geöffnet 24 h. Gebührenfrei","1","0","WC (rollstuhlgängig)","ugz-zueriwc@zuerich.ch","Werdinsel (rollstuhlgängig ohne EuroKey)","","n.a.","n.a.","n.a.","n.a.","n.a.","n.a.","n.a.","n.a.","n.a.","n.a.","n.a.","n.a.","n.a.","n.a.","Zürich","8049","wcr085","","1","Werdinsel","Toilette, Toiletten","+41 44 412 43 65","","https://www.stadt-zuerich.ch/zueriwc","NULL;NULL;","NULL;NULL;","NULL;NULL;","Werdinsel 10","https://www.zvv.ch/de/fahrplan-und-informationen/fahrplan.html?toname=Zürich, Werdinsel 10","24 h","Gebührenfrei","Werdinsel 10 / Pumpenhaus.","10","","Damen- und Herren WC, rollstuhlgängig, Pissoir. Der Weg ins rollstuhlgängige WC führt über einen Absatz.","POINT (2679107 1250551)"
"86","","Bucheggstrasse 93","","0","","","Umwelt- und Gesundheitsschutz","202412161145","","Gesundheits- und Umweltdepartement (GUD)","ugzget","","","93","0__https://zuerst.proinfirmis.ch/pois/detail/25699",";NULL","1","0","WC (rollstuhlgängig)","ugz-zueriwc@zuerich.ch","Buchegg GZ (rollstuhlgängig mit Eurokey)","","n.a.","n.a.","n.a.","n.a.","n.a.","n.a.","n.a.","n.a.","n.a.","n.a.","n.a.","n.a.","n.a.","n.a.","Zürich","8057","wcr2896","","1","Bucheggstrasse","Toilette, Toiletten","+41 44 412 43 65","","https://www.stadt-zuerich.ch/zueriwc","NULL;NULL;","NULL;NULL;","NULL;NULL;","Bucheggstrasse 93","https://www.zvv.ch/de/fahrplan-und-informationen/fahrplan.html?toname=Zürich, Bucheggstrasse 93","MF-WC 24 h, Behinderten-WC mit Eurokey 24h, mit Gebühr Fr. 1.-- 06.00-22.00 Uhr","Behinderten-WC Fr. 1.-- oder Eurokey, Damen- und Herren-WC gratis","Gemeinschaftszentrum Buchegg, Bucheggplatz","6","","Multifunktions- und Behinderten WC. Das GZ wurde 2013 umgebaut. Das neue WC steht nebst den WCs im GZ zur Verfügung, wenn dieses geschlossen ist.","POINT (2682771 1250370)"
"87","","Goldbrunnenplatz 3","","","","","Umwelt- und Gesundheitsschutz","202412161145","","Gesundheits- und Umweltdepartement (GUD)","ugzget","","","3","0__",";Geöffnet 24h. Behinderten-WC ohne Eurokey von 06.00-22.00 Uhr._Behinderten-WC (Fr. 1.-- oder Eurokey), Multifunktions-WC (gratis)_","1","0","WC (rollstuhlgängig)","ugz-zueriwc@zuerich.ch","Goldbrunnenplatz (rollstuhlgängig mit EuroKey)","","n.a.","n.a.","n.a.","n.a.","n.a.","n.a.","n.a.","n.a.","n.a.","n.a.","n.a.","n.a.","n.a.","n.a.","Zürich","8003","wcr028","","1","Goldbrunnenplatz","Toilette, Toiletten","+41 44 412 43 65","","https://www.stadt-zuerich.ch/zueriwc","NULL;NULL;","NULL;NULL;","NULL;NULL;","Goldbrunnenplatz 3","https://www.zvv.ch/de/fahrplan-und-informationen/fahrplan.html?toname=Zürich, Goldbrunnenplatz 3","Geöffnet 24h. Behinderten-WC ohne Eurokey von 06.00-22.00 Uhr.","Behinderten-WC Fr. 1.-- oder Eurokey, Multifunktions-WC gratis","Goldbrunnenplatz/ 3 Birmensdorferstrasse beim Take-Away","3","","Multifunktions- und Behinderten WC.","POINT (2681199 1247135)"
"88","","Platzpromenade 1","","","","","Umwelt- und Gesundheitsschutz","202412161145","","Gesundheits- und Umweltdepartement (GUD)","ugzget","","","1","0__",";Geöffnet 24h. Behinderten-WC ohne Eurokey von 06.00-22.00 Uhr._Behinderten-WC (Fr. 1.-- oder Eurokey), Multifunktions-WC (gratis)_","1","0","WC (rollstuhlgängig)","ugz-zueriwc@zuerich.ch","Platzspitz - Walchebrücke (rollstuhlgängig mit EuroKey).","","n.a.","n.a.","n.a.","n.a.","n.a.","n.a.","n.a.","n.a.","n.a.","n.a.","n.a.","n.a.","n.a.","n.a.","Zürich","8001","wcr004","","1","Platzpromenade","Toilette, Toiletten","+41 44 412 43 65","","https://www.stadt-zuerich.ch/zueriwc","NULL;NULL;","NULL;NULL;","NULL;NULL;","Platzpromenade 1","https://www.zvv.ch/de/fahrplan-und-informationen/fahrplan.html?toname=Zürich, Platzpromenade 1","24 h / Behinderten WC von 06.00-22.00","Behinderten-WC Fr. 1.-- oder Eurokey, Multifunktions-WC gratis","Walchebrücke beim Eingang in den Platzspitz-Park","1","","Multifunktions- und Behinderten WC, Wickeltisch. Am Eingang zum Park bei der Schifflände des Limmatschiffs.","POINT (2683290 1248144)"
"89","","Stampfenbachstrasse 130","","","","","Umwelt- und Gesundheitsschutz","202412161145","","Gesundheits- und Umweltdepartement (GUD)","ugzfir","","","130","0__",";Zugänglich während der Öffnungszeiten der Grünanlage._Nachts ist diese geschlossen._Behinderten-WC Fr. 1.-- oder Eurokey, Damen- und Herren-WC gratis._Wickeltisch_","1","0","WC (rollstuhlgängig)","ugz-zueriwc@zuerich.ch","Beckenhof (rollstuhlgängig mit Eurokey)","","n.a.","n.a.","n.a.","n.a.","n.a.","n.a.","n.a.","n.a.","n.a.","n.a.","n.a.","n.a.","n.a.","n.a.","Zürich","8006","wcr2251","","1","Stampfenbachstrasse","Toilette, Toiletten","+41 44 412 43 65","","https://www.stadt-zuerich.ch/zueriwc","NULL;NULL;","NULL;NULL;","NULL;NULL;","Stampfenbachstrasse 130","https://www.zvv.ch/de/fahrplan-und-informationen/fahrplan.html?toname=Zürich, Stampfenbachstrasse 130","Nachts geschlossen.","Rollstuhlgängiges- und familiengerechtes-WC: CHF 1.-- / 1 Euro (Kreditkartenzahlung möglich) oder Eurokey. Multifunktions-WC: kostenlos. ","Im Beckenhofpark, Stampfenbachstrasse 130","6","","1 Rollstuhlgängiges- und familiengerechtes-WC Modul mit Wickeltisch und 1 Multifunktions-WC. Die WCs befindet sich im Park, welcher nachts geschlossen wird.","POINT (2683169 1248877)"
"90","","Leutschenbachstrasse 71","","","","","Umwelt- und Gesundheitsschutz","202412161145","","Gesundheits- und Umweltdepartement (GUD)","ugzget","","","71","0__",";Geöffnet 24h. Behinderten-WC ohne Eurokey von 06.00-22.00 Uhr._Behinderten-WC (nur mit Eurokey), Multifunktions-WC (gratis)_","1","0","WC (rollstuhlgängig)","ugz-zueriwc@zuerich.ch","Leutschenpark (rollstuhlgängig mit Eurokey)","","n.a.","n.a.","n.a.","n.a.","n.a.","n.a.","n.a.","n.a.","n.a.","n.a.","n.a.","n.a.","n.a.","n.a.","Zürich","8050","wcr088","","1","Leutschenbachstrasse","Toilette, Toiletten","+41 44 412 43 65","","https://www.stadt-zuerich.ch/zueriwc","NULL;NULL;","NULL;NULL;","NULL;NULL;","Leutschenbachstrasse 71","https://www.zvv.ch/de/fahrplan-und-informationen/fahrplan.html?toname=Zürich, Leutschenbachstrasse 71","24 h","Behinderten-WC Fr. 1.-- oder Eurokey, Multifunktions-WC gratis","Leutschenbachstrasse 71 / Im Leutschenpark","11","","Multifunktions- und Behinderten WC. Behinderten WC nur mit Eurokey zugänglich.","POINT (2684375 1252506)"
"91","","Hardaustrasse 2","","2","","","Umwelt- und Gesundheitsschutz","202412161145","","Gesundheits- und Umweltdepartement (GUD)","ugzget","","","2","0__",";Geöffnet 24h, Gebühr Fr. 1.-- oder Eurokey","1","0","WC (rollstuhlgängig)","ugz-zueriwc@zuerich.ch","Albisriederplatz (rollstuhlgängig mit EuroKey)","","n.a.","n.a.","n.a.","n.a.","n.a.","n.a.","n.a.","n.a.","n.a.","n.a.","n.a.","n.a.","n.a.","n.a.","Zürich","8003","wcr035","","1","Hardaustrasse","Toilette, Toiletten","+41 44 412 43 65","","https://www.stadt-zuerich.ch/zueriwc","NULL;NULL;","NULL;NULL;","NULL;NULL;","Hardaustrasse 2","https://www.zvv.ch/de/fahrplan-und-informationen/fahrplan.html?toname=Zürich, Hardaustrasse 2","24h","Eurokey oder Fr. 1.--","Hardaustrasse 2","4","","Selbstreinigender WC Automat für Damen- und Herren. Rollstuhlgängig mit automatischer Türe. Wickeltisch vorhanden.","POINT (2680909 1248009)"
